نوع العقار,الغرض,الحي,الواجهة,المساحة,سعر المتر,السعر الإجمالي
أرض,سكني, حي غرناطة ,ثلاث شوارع,1650,4800,7920000
أرض,سكني, حي اليرموك ,ثلاث شوارع,1650,4800,7920000
أرض,سكني, حي النسيم الغربي ,غربية,750,3200,2400000
أرض,تجاري وسكني, حي الرمال ,جنوبية,2400,3300,7920000
أرض,تجاري وسكني, حي الرمال ,شمالية,900,3300,2970000
أرض,تجاري وسكني, حي الملك فيصل ,شرقية,750,3350,2512500
أرض,تجاري وسكني, حي اليرموك ,جنوبية,1089,3300,3593700
أرض,تجاري وسكني, الرياض ,غربية,750,2600,1950000
أرض,تجاري وسكني, الرياض ,شمالية شرقية,900,580,522000
أرض,تجاري وسكني, حي اليرموك ,شرقية,450,3500,1575000
أرض,تجاري وسكني, حي الرمال ,شرقية,450,3500,1575000
أرض,تجاري وسكني, الرياض ,جنوبية,1089,3300,3593700
أرض,تجاري وسكني, حي المعيزلة ,جنوبية,550,2500,1375000
أرض,تجاري وسكني, حي اليرموك ,جنوبية,1089,3200,3484800
أرض,تجاري وسكني, حي اليرموك ,جنوبية,1089,3250,3539250
أرض,تجاري وسكني, حي المعيزلة ,جنوبية,550,3000,1650000
أرض,تجاري وسكني, حي الرمال ,شمالية شرقية,3092,3200,9894400
أرض,تجاري وسكني, حي الرمال ,شمالية,381,2500,952500
أرض,تجاري وسكني, الرياض ,شمالية,361,2500,902500
أرض,تجاري وسكني, حي الشرق ,شمالية,361,2500,902500
أرض,تجاري وسكني, حي الرمال ,جنوبية,412,3100,1277200
أرض,تجاري, حي المونسية ,شرقية,750,4200,3150000
أرض,تجاري, حي المونسية ,شرقية,2115,4200,8883000
أرض,تجاري, حي الرمال ,شرقية,1560,6410,9999600
أرض,تجاري, حي الروضة ,شمالية,1798,1500,2697000
أرض,تجاري, حي الرمال ,ثلاث شوارع,3000,1500,4500000
أرض,تجاري, حي الرمال ,شرقية,360,2900,1044000
أرض,سكني, حي الرمال ,شرقية,420,476,199920
أرض,سكني, حي اليرموك ,شمالية شرقية,594,3500,2079000
أرض,سكني, الرياض ,جنوبية,300,1950,585000
أرض,سكني, الرياض ,جنوبية شرقية,928,1950,1809600
أرض,سكني, الرياض ,جنوبية,900,1950,1755000
أرض,سكني, حي المشرق ,جنوبية,750,1650,1237500
أرض,سكني, الرياض ,جنوبية,750,1650,1237500
أرض,سكني, حي الخليج ,شمالية شرقية,750,3150,2362500
أرض,سكني, حي الخليج ,شمالية,300,2600,780000
أرض,سكني, حي الخليج ,شمالية,572,2600,1487200
أرض,سكني, حي اليرموك ,جنوبية,1089,3400,3702600
أرض,سكني, الرياض ,غربية,2000,3400,6800000
أرض,سكني, حي الشهداء ,جنوبية,320,5300,1696000
أرض,سكني, حي الحمراء ,جنوبية,1000,6000,6000000
أرض,سكني, الرياض ,شرقية,750,6000,4500000
أرض,سكني, حي البيان ,شمالية,375,6000,2250000
أرض,سكني, حي قرطبة ,غربية,450,5500,2475000
أرض,سكني, حي القادسية ,شمالية غربية,1019,5500,5604500
أرض,سكني, الرياض ,غربية,450,5500,2475000
أرض,سكني, حي الرمال ,جنوبية,412,3500,1442000
أرض,سكني, حي النهضة ,غربية,432,2500,1080000
أرض,سكني, حي الرمال ,ثلاث شوارع,2940,2000,5880000
أرض,سكني, حي الرمال ,غربية,3663,1400,5128200
أرض,سكني, حي الرمال ,غربية,750,426,319500
أرض,سكني, حي غرناطة ,شمالية,800,4800,3840000
أرض,سكني, حي اليرموك ,غربية,300,3800,1140000
أرض,سكني, حي النهضة ,غربية,300,3800,1140000
أرض,سكني, حي النسيم الغربي ,ثلاث شوارع,750,3100,2325000
أرض,سكني, حي اليرموك ,ثلاث شوارع,750,3100,2325000
أرض,سكني, حي الصناعية القديمة ,جنوبية شرقية,1849,3100,5731900
أرض,سكني, حي البيان ,جنوبية,312,2350,733200
أرض,سكني, حي البيان ,جنوبية,375,2350,881250
أرض,سكني, حي الشرق ,جنوبية,312,2350,733200
أرض,سكني, حي الشرق ,شمالية,900,422,379800
أرض,سكني, حي العلا ,شمالية,750,422,316500
أرض,سكني, حي الرمال ,جنوبية,412,3200,1318400
أرض,سكني, حي الجنادرية ,ثلاث شوارع,3562,3100,11042200
أرض,سكني, حي المعيزيلة ,جنوبية,412,2750,1133000
أرض,سكني, حي المعيزيلة ,جنوبية شرقية,810,865,700650
أرض,سكني, حي المعيزيلة ,شمالية غربية,2000,865,1730000
أرض,سكني, الرياض ,جنوبية شرقية,810,865,700650
أرض,تجاري وسكني, حي السعادة ,شمالية,2100,2500,5250000
أرض,تجاري, حي الجنادرية ,غربية,8400,2300,19320000
أرض,تجاري, حي القادسية ,شرقية,900,3333,2999700
أرض,تجاري, حي النسيم الشرقي ,غربية,750,2600,1950000
أرض,تجاري, حي الشرق ,جنوبية غربية,475,2400,1140000
أرض,تجاري, الرياض ,غربية,750,2600,1950000
أرض,تجاري, حي النسيم الغربي ,شمالية,514,1700,873800
أرض,تجاري, حي النسيم الغربي ,شرقية,440,1700,748000
أرض,تجاري, حي الشرق ,جنوبية,437,1700,742900
أرض,سكني, حي المونسية ,شمالية,2825,4400,12430000
أرض,سكني, حي المونسية ,شرقية,2520,4400,11088000
أرض,سكني, الرياض ,غربية,750,520,390000
أرض,سكني, حي المونسية ,شمالية غربية,3905,4400,17182000
أرض,سكني, حي السعادة ,شمالية,375,1500,562500
أرض,سكني, حي السعادة ,غربية,22300,2700,60210000
أرض,سكني, حي الرمال ,شمالية شرقية,420,4200,1764000
أرض,سكني, حي الرمال ,جنوبية,500,4200,2100000
أرض,تجاري وسكني, حي خشم العان ,شمالية,1050,2500,2625000
أرض,تجاري وسكني, حي القادسية ,أربع شوارع,10000,2400,24000000
أرض,تجاري وسكني, حي المشرق ,شمالية,900,559,503100
أرض,تجاري وسكني, الرياض ,شمالية,900,559,503100
أرض,تجاري وسكني, حي الصفا ,غربية,400,3600,1440000
أرض,تجاري وسكني, الرياض ,شمالية,930,560,520800
أرض,تجاري وسكني, الرياض ,شرقية,700,550,385000
أرض,تجاري وسكني, حي الملك فيصل ,جنوبية,900,550,495000
أرض,تجاري وسكني, حي المشرق ,شمالية,763,550,419650
أرض,تجاري وسكني, حي المشرق ,جنوبية,750,460,345000
أرض,تجاري وسكني, الرياض ,شرقية,750,460,345000
أرض,تجاري وسكني, الرياض ,جنوبية,750,460,345000
أرض,تجاري وسكني, حي غرناطة ,شمالية,575,5800,3335000
أرض,تجاري, حي الرمال ,جنوبية,412,3200,1318400
أرض,تجاري, حي الرمال ,شمالية,5000,1950,9750000
أرض,تجاري, حي القادسية ,شرقية,543,2300,1248900
أرض,تجاري, الرياض ,شمالية,750,650,487500
أرض,تجاري, الرياض ,شمالية,750,500,375000
أرض,تجاري, حي الرمال ,شمالية,375,1466,549750
أرض,تجاري, حي الرمال ,جنوبية,416,3200,1331200
أرض,تجاري, حي غرناطة ,جنوبية,416,3200,1331200
أرض,تجاري, حي النهضة ,شرقية,362,2700,977400
أرض,تجاري, الرياض ,شمالية,600,2700,1620000
أرض,تجاري, حي اشبيلية ,أربع شوارع,5670,4900,27783000
أرض,تجاري, حي اشبيلية ,جنوبية,747,414,309258
أرض,تجاري, الرياض ,شمالية,750,414,310500
أرض,تجاري, حي النهضة ,شرقية,420,3000,1260000
أرض,تجاري, حي الحمراء ,شرقية,1125,4800,5400000
أرض,تجاري, حي الحمراء ,جنوبية,1500,4200,6300000
أرض,تجاري, طريق سعيد ابن زيد ,جنوبية غربية,2250,8000,18000000
أرض,تجاري, حي الرمال ,جنوبية,412,3150,1297800
أرض,تجاري, حي العلا ,جنوبية,750,3150,2362500
أرض,تجاري, الرياض ,شرقية,371,3150,1168650
أرض,تجاري, حي النهضة ,شمالية,450,2650,1192500
أرض,تجاري وسكني, الرياض ,ثلاث شوارع,5302,3000,15906000
أرض,تجاري وسكني, الرياض ,شمالية شرقية,357,3000,1071000
أرض,تجاري وسكني, حي الروضة ,أربع شوارع,9900,4500,44550000
أرض,تجاري وسكني, حي الشهداء ,ثلاث شوارع,3900,6500,25350000
أرض,تجاري وسكني, حي الشهداء ,غربية,763,315,240345
أرض,تجاري وسكني, حي الشهداء ,شمالية,2000,315,630000
أرض,تجاري وسكني, حي المشرق ,شمالية شرقية,2000,315,630000
أرض,تجاري وسكني, حي القادسية ,جنوبية,597,315,188055
أرض,تجاري وسكني, حي القدس ,غربية,450,5300,2385000
أرض,تجاري وسكني, حي القدس ,شرقية,750,5300,3975000
أرض,تجاري وسكني, حي القدس ,جنوبية,750,7333,5499750
أرض,تجاري وسكني, حي الرمال ,جنوبية,900,2900,2610000
أرض,تجاري وسكني, الرياض ,جنوبية,900,1000,900000
أرض,تجاري وسكني, حي القادسية ,شمالية,450,1000,450000
أرض,سكني, حي الاندلس ,شرقية,1000,4000,4000000
أرض,سكني, حي اشبيلية ,شمالية غربية,2007,4000,8028000
أرض,سكني, حي الروضة ,غربية,751,3700,2778700
أرض,سكني, حي الروضة ,غربية,750,4000,3000000
أرض,تجاري وسكني, حي النسيم الغربي ,جنوبية,630,1800,1134000
أرض,تجاري وسكني, حي الشعلة ,جنوبية,763,318,242634
أرض,تجاري وسكني, حي الشعلة ,جنوبية,870,867,754290
أرض,تجاري وسكني, حي الشعلة ,جنوبية,900,944,849600
أرض,تجاري وسكني, حي الشعلة ,شرقية,918,944,866592
أرض,تجاري وسكني, حي الشعلة ,جنوبية غربية,429,944,404976
أرض,تجاري وسكني, الرياض ,غربية,379,3150,1193850
أرض,تجاري وسكني, حي النهضة ,شرقية,420,3000,1260000
أرض,تجاري وسكني, حي الشرق ,شمالية,454,2500,1135000
أرض,تجاري وسكني, حي الشرق ,غربية,744,1800,1339200
أرض,تجاري, حي السعادة ,ثلاث شوارع,4577,3500,16019500
أرض,تجاري, حي الندوة ,شمالية,375,3500,1312500
أرض,تجاري, حي الندوة ,جنوبية غربية,900,777,699300
أرض,تجاري, الرياض ,جنوبية غربية,900,777,699300
أرض,تجاري, حي الفيحاء ,غربية,720,777,559440
أرض,تجاري, حي قرطبة ,شرقية,800,5500,4400000
أرض,تجاري, حي الروضة ,شمالية شرقية,608,4000,2432000
أرض,تجاري, حي الروضة ,شرقية,543,4100,2226300
أرض,تجاري, حي المعيزلة ,شمالية,437,2900,1267300
أرض,تجاري, حي الملك فيصل ,شرقية,750,3350,2512500
أرض,تجاري, حي الملك فيصل ,غربية,760,526,399760
أرض,تجاري, حي اليرموك ,شمالية,300,3600,1080000
أرض,تجاري, حي الرمال ,جنوبية غربية,1930,2800,5404000
أرض,تجاري, حي الرمال ,جنوبية,625,4000,2500000
أرض,تجاري, حي الرمال ,غربية,600,3000,1800000
أرض,تجاري, الرياض ,ثلاث شوارع,1225,2500,3062500
أرض,تجاري, حي الندوة ,جنوبية,1280,3000,3840000
أرض,تجاري, حي السعادة ,جنوبية,306,2777,849762
أرض,تجاري, حي المشرق ,شمالية,750,480,360000
أرض,تجاري, امارة منطقة الرياض ,شمالية,750,600,450000
أرض,تجاري, حي الرمال ,ثلاث شوارع,1200,3400,4080000
أرض,تجاري, حي الجنادرية ,شمالية شرقية,500,3400,1700000
أرض,تجاري, حي العلا ,شمالية,936,459,429624
أرض,تجاري, حي العلا ,شمالية,1650,8000,13200000
أرض,تجاري, حي اليرموك ,جنوبية,1089,8000,8712000
أرض,تجاري وسكني, حي النسيم الشرقي ,شمالية,840,2500,2100000
أرض,سكني, الرياض ,جنوبية,540,2500,1350000
أرض,سكني, حي المنار ,جنوبية,540,2500,1350000
أرض,سكني, حي الملك فيصل ,جنوبية,1089,3350,3648150
أرض,سكني, حي الشرق ,شرقية,360,2400,864000
أرض,سكني, حي المونسية ,جنوبية,300,4400,1320000
أرض,سكني, حي القادسية ,جنوبية شرقية,510,4019,2049690
أرض,سكني, الرياض ,جنوبية,300,4400,1320000
أرض,سكني, حي المونسية ,شمالية,500,4200,2100000
أرض,سكني, حي المشرق ,شمالية,936,515,482040
أرض,سكني, الرياض ,شمالية,437,2350,1026950
أرض,سكني, حي القدس ,شمالية,437,2350,1026950
أرض,سكني, الرياض ,جنوبية شرقية,381,1800,685800
أرض,سكني, حي الخليج ,شمالية غربية,600,2600,1560000
أرض,سكني, الرياض ,جنوبية,900,2600,2340000
أرض,سكني, حي المونسية ,شمالية,621,2600,1614600
أرض,سكني, حي الرمال ,شمالية شرقية,580,2600,1508000
أرض,سكني, حي السلام ,غربية,360,3339,1202040
أرض,سكني, حي اليرموك ,شمالية,4350,6000,26100000
أرض,سكني, حي الندوة ,شرقية,1200,3000,3600000
أرض,سكني, الرياض ,شمالية,930,3000,2790000
أرض,تجاري وسكني, حي الزاهر ,جنوبية,900,1000,900000
أرض,تجاري وسكني, حي البيان ,شمالية,1500,1000,1500000
أرض,تجاري وسكني, الرياض ,شمالية,312,3300,1029600
أرض,تجاري وسكني, حي القادسية ,شمالية,312,3300,1029600
أرض,تجاري وسكني, حي القادسية ,شرقية,900,3300,2970000
أرض,تجاري وسكني, الرياض ,جنوبية,372,3300,1227600
أرض,تجاري وسكني, حي القادسية ,جنوبية شرقية,306,2700,826200
أرض,تجاري وسكني, حي الجزيرة ,أربع شوارع,1800,2700,4860000
أرض,تجاري وسكني, حي القادسية ,جنوبية,3000,3080,9240000
أرض,تجاري وسكني, الرياض ,جنوبية,750,546,409500
أرض,تجاري وسكني, الرياض ,غربية,900,546,491400
أرض,تجاري وسكني, حي اليرموك ,جنوبية,1089,3400,3702600
أرض,تجاري وسكني, حي المونسية ,شمالية,875,4000,3500000
أرض,تجاري وسكني, حي العلا ,شمالية,1627,4000,6508000
أرض,تجاري وسكني, الرياض ,شمالية,1627,4000,6508000
أرض,تجاري وسكني, حي النهضة ,جنوبية,1089,2850,3103650
أرض,تجاري وسكني, الرياض ,جنوبية,750,467,350250
أرض,تجاري وسكني, الرياض ,جنوبية,9053,4000,36212000
أرض,تجاري وسكني, حي النظيم ,غربية,590,4000,2360000
أرض,تجاري وسكني, حي الصفا ,غربية,400,4000,1600000
أرض,تجاري وسكني, حي النسيم الغربي ,جنوبية,875,1800,1575000
أرض,تجاري وسكني, حي النسيم الغربي ,شمالية,437,1850,808450
أرض,تجاري وسكني, حي النسيم الغربي ,غربية,600,1850,1110000
أرض,تجاري وسكني, حي النسيم الغربي ,جنوبية,875,1900,1662500
أرض,تجاري وسكني, حي الرمال ,جنوبية,372,3100,1153200
أرض,تجاري وسكني, الرياض ,شمالية,936,507,474552
أرض,تجاري وسكني, حي العلا ,ثلاث شوارع,24000,3000,72000000
أرض,تجاري وسكني, حي العلا ,ثلاث شوارع,17927,1500,26890500
أرض,تجاري وسكني, حي العلا ,جنوبية,350,4000,1400000
أرض,تجاري وسكني, حي الازدهار ,غربية,771,4000,3084000
أرض,تجاري وسكني, حي الازدهار ,جنوبية,2000,500,1000000
أرض,سكني, حي النسيم الغربي ,شمالية غربية,625,2400,1500000
أرض,سكني, الرياض ,شمالية,759,2400,1821600
أرض,سكني, الرياض ,جنوبية,750,2400,1800000
أرض,سكني, حي الملز ,ثلاث شوارع,1148,2400,2755200
أرض,سكني, الرياض ,غربية,435,827,359745
أرض,سكني, حي القادسية ,شرقية,543,2300,1248900
أرض,تجاري وسكني, حي الملك فيصل ,شمالية شرقية,900,4500,4050000
أرض,تجاري وسكني, حي الروضة ,شمالية شرقية,900,4500,4050000
أرض,تجاري وسكني, حي اليرموك ,غربية,745,671,499895
أرض,تجاري وسكني, حي النسيم الشرقي ,شرقية,800,671,536800
أرض,تجاري وسكني, الرياض ,غربية,900,671,603900
أرض,تجاري وسكني, حي قرطبة ,غربية,450,671,301950
أرض,تجاري وسكني, حي المشرق ,شرقية,1021,1000,1021000
أرض,تجاري وسكني, حي المشرق ,جنوبية,825,1000,825000
أرض,تجاري وسكني, حي الزاهر ,جنوبية غربية,1020,800,816000
أرض,تجاري وسكني, الرياض ,شرقية,810,802,649620
أرض,تجاري وسكني, الرياض ,غربية,432,650,280800
أرض,تجاري وسكني, الرياض ,غربية,390,3300,1287000
أرض,تجاري وسكني, حي خشم العان ,شرقية,416,3300,1372800
أرض,تجاري وسكني, حي خشم العان ,شرقية,900,3300,2970000
أرض,تجاري وسكني, حي الرمال ,ثلاث شوارع,2246,4000,8984000
أرض,تجاري وسكني, حي السلام ,شمالية,350,3700,1295000
أرض,تجاري وسكني, الرياض ,شرقية,918,1400,1285200
أرض,تجاري وسكني, حي الروضة ,جنوبية,900,5778,5200200
أرض,تجاري وسكني, حي قرطبة ,شرقية,1250,6500,8125000
أرض,تجاري وسكني, حي النسيم الغربي ,شرقية,1250,6500,8125000
أرض,تجاري وسكني, حي النسيم الغربي ,جنوبية,747,6500,4855500
أرض,تجاري وسكني, حي الروضة ,شمالية غربية,750,4200,3150000
أرض,تجاري وسكني, حي الروضة ,غربية,900,444,399600
أرض,تجاري وسكني, حي الخليج ,شمالية شرقية,648,444,287712
أرض,تجاري وسكني, حي الخليج ,شمالية,2800,444,1243200
أرض,تجاري وسكني, الرياض ,شمالية,752,444,333888
أرض,تجاري وسكني, الرياض ,شمالية,1627,444,722388
أرض,تجاري وسكني, حي اشبيلية ,شمالية,343,2871,984753
أرض,تجاري وسكني, حي الجنادرية ,شرقية,999,2202,2199798
أرض,تجاري وسكني, حي النسيم الشرقي ,شرقية,440,2954,1299760
أرض,تجاري وسكني, حي اليرموك ,جنوبية,1089,2954,3216906
أرض,تجاري وسكني, الرياض ,جنوبية,1089,2954,3216906
أرض,تجاري وسكني, حي الشرق ,جنوبية,756,310,234360
أرض,تجاري وسكني, الرياض ,جنوبية,864,310,267840
أرض,تجاري وسكني, حي النظيم ,شمالية,833,1441,1200353
أرض,تجاري وسكني, حي النظيم ,جنوبية,2000,525,1050000
أرض,تجاري وسكني, حي النظيم ,جنوبية شرقية,900,950,855000
أرض,تجاري وسكني, حي النظيم ,شمالية,459,2500,1147500
أرض,تجاري وسكني, حي اليرموك ,جنوبية شرقية,1170,5000,5850000
أرض,تجاري وسكني, الرياض ,شرقية,2000,535,1070000
أرض,سكني, حي النرجس ,شرقية,500,5500,2750000
أرض,سكني, العيينة ,شمالية غربية,1000,5500,5500000
أرض,سكني, حي النرجس ,شمالية غربية,875,5500,4812500
أرض,سكني, حي الرمال ,ثلاث شوارع,1080,3000,3240000
أرض,سكني, العيينة ,ثلاث شوارع,674,3000,2022000
أرض,سكني, الرياض ,شرقية,750,3000,2250000
أرض,سكني, الرياض ,شمالية,470,3000,1410000
أرض,سكني, حي المهدية ,شمالية,450,3000,1350000
أرض,سكني, الرياض ,غربية,375,3000,1125000
أرض,سكني, حي عرقة ,جنوبية,726,5000,3630000
أرض,سكني, الرياض ,شمالية,375,1200,450000
أرض,سكني, حي النرجس ,غربية,400,4900,1960000
أرض,سكني, حي ظهرة لبن ,شمالية شرقية,1055,2500,2637500
أرض,سكني, الرياض ,جنوبية,375,2500,937500
أرض,سكني, حي العين ,شمالية شرقية,674,1630,1098620
أرض,سكني, حي حطين ,غربية,856,1630,1395280
أرض,سكني, الرياض ,جنوبية,600,1833,1099800
أرض,سكني, حي ظهرة لبن ,ثلاث شوارع,750,1833,1374750
أرض,سكني, حي الهدا ,غربية,2317,3200,7414400
أرض,سكني, حي الملقا ,غربية,2184,3200,6988800
أرض,سكني, الرياض ,جنوبية غربية,750,3200,2400000
أرض,سكني, حي طويق ,شمالية,15730,3000,47190000
أرض,سكني, الرياض ,شمالية,460,3000,1380000
أرض,سكني, الرياض ,شمالية,400,3000,1200000
أرض,سكني, حي المنصورة ,جنوبية,1000,8500,8500000
أرض,سكني, حي طويق ,شمالية,5000,2600,13000000
أرض,سكني, حي عريض ,أربع شوارع,750,1000,750000
أرض,سكني, حي طويق ,جنوبية,11930,2200,26246000
أرض,سكني, حي الملقا ,ثلاث شوارع,6372,8631,54996732
أرض,تجاري وسكني, حي العارض ,ثلاث شوارع,2500,3300,8250000
أرض,تجاري وسكني, الرياض ,شمالية,871,3300,2874300
أرض,تجاري وسكني, حي المناخ ,شمالية,312,1300,405600
أرض,تجاري وسكني, حي المناخ ,شمالية,900,1300,1170000
أرض,تجاري وسكني, حي العارض ,شمالية,600,3600,2160000
أرض,تجاري وسكني, حي ظهرة لبن ,شمالية شرقية,1055,2500,2637500
أرض,تجاري وسكني, حي القيروان ,شمالية,900,6000,5400000
أرض,تجاري وسكني, حي المهدية ,شمالية,900,6000,5400000
أرض,تجاري وسكني, ضاحية نمار ,شمالية,450,3350,1507500
أرض,تجاري وسكني, حي الخير ,شمالية شرقية,437,1739,759943
أرض,تجاري وسكني, الرياض ,غربية,750,1739,1304250
أرض,تجاري وسكني, حي الصحافة ,شرقية,862,6500,5603000
أرض,تجاري وسكني, الرياض ,شرقية,750,6500,4875000
أرض,تجاري وسكني, الرياض ,غربية,750,6500,4875000
أرض,تجاري وسكني, حي المهدية ,شرقية,450,2600,1170000
أرض,تجاري وسكني, حي طويق ,شرقية,870,2600,2262000
أرض,تجاري وسكني, الرياض ,شرقية,750,2600,1950000
أرض,تجاري وسكني, الرياض ,غربية,750,2600,1950000
أرض,تجاري وسكني, حي الخير ,غربية,750,2600,1950000
أرض,تجاري وسكني, حي النرجس ,شرقية,900,6000,5400000
أرض,تجاري وسكني, حي النرجس ,شمالية شرقية,900,6500,5850000
أرض,تجاري وسكني, حي العوالي ,شرقية,500,6500,3250000
أرض,تجاري, حي الرمال ,ثلاث شوارع,2900,3800,11020000
أرض,تجاري, حي الصحافة ,شمالية غربية,2007,3800,7626600
أرض,تجاري, الرياض ,غربية,750,3800,2850000
أرض,تجاري, حي الخير ,شرقية,750,3800,2850000
أرض,تجاري, الرياض ,شمالية شرقية,480,3800,1824000
أرض,تجاري, الرياض ,شرقية,1160,3800,4408000
أرض,تجاري, الرياض ,جنوبية شرقية,750,3800,2850000
أرض,تجاري, حي الغنامية ,جنوبية غربية,414,3800,1573200
أرض,تجاري, حي النخيل ,ثلاث شوارع,10000,8000,80000000
أرض,تجاري, حي اليرموك ,جنوبية,1089,3300,3593700
أرض,تجاري, حي ظهرة نمار ,شمالية,300,3300,990000
أرض,تجاري, الرياض ,غربية,472,3300,1557600
أرض,تجاري, حي المعيزلة ,جنوبية,550,3000,1650000
أرض,تجاري, حي اليرموك ,جنوبية,1089,3200,3484800
أرض,تجاري, حي اليرموك ,شمالية شرقية,300,3200,960000
أرض,تجاري, حي اليرموك ,غربية,409,1000,409000
أرض,تجاري, حي اليرموك ,جنوبية,1089,3250,3539250
أرض,تجاري, الرياض ,شرقية,585,650,380250
أرض,تجاري, حي الرمال ,شمالية شرقية,3092,650,2009800
أرض,تجاري, حي المهدية ,غربية,409,2570,1051130
أرض,تجاري, حي النرجس ,غربية,435,3200,1392000
أرض,تجاري, الرياض ,شمالية,375,3200,1200000
أرض,تجاري, الرياض ,شمالية,361,3200,1155200
أرض,تجاري وسكني, طريق النفود ,ثلاث شوارع,495,2500,1237500
أرض,تجاري وسكني, طريق النفود ,جنوبية,472,2500,1180000
أرض,تجاري وسكني, الرياض ,جنوبية غربية,400,925,370000
أرض,تجاري وسكني, حي الشرق ,شرقية,450,925,416250
أرض,تجاري وسكني, حي عريض ,غربية,450,3100,1395000
أرض,تجاري وسكني, حي عريض ,شمالية,517,3100,1602700
أرض,سكني, الرياض ,جنوبية,800,1375,1100000
أرض,سكني, حي عريض ,شمالية شرقية,2048,1709,3500032
أرض,سكني, حي الدار البيضاء ,جنوبية,4675,1709,7989575
أرض,سكني, حي النرجس ,شرقية,450,4900,2205000
أرض,تجاري, الرياض ,شمالية شرقية,400,950,380000
أرض,تجاري, حي النرجس ,شمالية,450,4700,2115000
أرض,سكني, حي النرجس ,شمالية,450,4300,1935000
أرض,سكني, حي الرمال ,شرقية,1560,6150,9594000
أرض,سكني, حي النرجس ,جنوبية,432,4900,2116800
أرض,سكني, حي ظهرة لبن ,جنوبية غربية,400,2200,880000
أرض,سكني, حي ظهرة لبن ,شمالية شرقية,900,3100,2790000
أرض,سكني, حي المهدية ,شمالية,300,3400,1020000
أرض,سكني, حي المونسية ,شرقية,2115,3400,7191000
أرض,سكني, حي عرقة ,غربية,653,3400,2220200
أرض,سكني, حي الروضة ,شمالية,1798,1500,2697000
أرض,سكني, حي النرجس ,شمالية شرقية,1050,7500,7875000
أرض,سكني, الرياض ,شرقية,432,7500,3240000
أرض,سكني, الرياض ,شمالية,426,7500,3195000
أرض,سكني, حي المهدية ,غربية,400,7500,3000000
أرض,سكني, حي الرمال ,شرقية,360,2900,1044000
أرض,سكني, حي ظهرة لبن ,جنوبية,450,2900,1305000
أرض,سكني, حي عريض ,جنوبية غربية,500,2900,1450000
أرض,سكني, الرياض ,شرقية,450,2900,1305000
أرض,سكني, الرياض ,جنوبية غربية,1050,2900,3045000
أرض,سكني, حي القيروان ,شمالية,900,6000,5400000
أرض,سكني, الرياض ,جنوبية,450,6000,2700000
أرض,سكني, الرياض ,غربية,516,6000,3096000
أرض,سكني, الرياض ,جنوبية غربية,900,6000,5400000
أرض,سكني, حي الرمال ,ثلاث شوارع,3000,6000,18000000
أرض,سكني, حي عريض ,غربية,324,6000,1944000
أرض,سكني, الرياض ,شمالية,450,6000,2700000
أرض,سكني, الرياض ,جنوبية,525,800,420000
أرض,سكني, الرياض ,جنوبية,900,800,720000
أرض,سكني, حي النرجس ,جنوبية,900,800,720000
أرض,سكني, حي النرجس ,شرقية,420,476,199920
أرض,سكني, حي المهدية ,شرقية,391,476,186116
أرض,سكني, حي المهدية ,شمالية,400,3500,1400000
أرض,سكني, حي عريض ,جنوبية,348,1150,400200
أرض,سكني, حي ظهرة لبن ,جنوبية,360,3472,1249920
أرض,سكني, حي الحزم ,شمالية شرقية,420,1750,735000
أرض,سكني, حي ظهرة لبن ,شمالية,360,3200,1152000
أرض,سكني, حي ظهرة لبن ,شمالية,2394,3200,7660800
أرض,سكني, الرياض ,شمالية,375,1100,412500
أرض,سكني, حي النرجس ,شرقية,500,5300,2650000
أرض,سكني, حي حطين ,شمالية,2000,10000,20000000
أرض,سكني, حي ضاحية نمار ,شرقية,375,10000,3750000
أرض,سكني, ضاحية نمار ,شمالية,990,909,899910
أرض,سكني, الرياض ,شمالية شرقية,928,668,619904
أرض,سكني, الرياض ,جنوبية شرقية,928,668,619904
أرض,سكني, ضاحية نمار ,شمالية,451,1400,631400
أرض,سكني, حي الخير ,شرقية,840,1547,1299480
أرض,سكني, حي الخير ,شمالية غربية,864,1600,1382400
أرض,سكني, حي النرجس ,شمالية,500,5000,2500000
أرض,سكني, الرياض ,جنوبية,900,5000,4500000
أرض,سكني, الرياض ,جنوبية,900,5000,4500000
أرض,سكني, حي عريض ,جنوبية,900,5000,4500000
أرض,سكني, حي عكاظ ,شرقية,600,5000,3000000
أرض,سكني, الرياض ,شرقية,450,1650,742500
أرض,سكني, الرياض ,شمالية,390,1000,390000
أرض,سكني, حي النرجس ,جنوبية,480,4800,2304000
أرض,سكني, حي طويق ,جنوبية,360,2500,900000
أرض,سكني, حي بنبان ,شرقية,800,2125,1700000
أرض,سكني, حي المشرق ,جنوبية,750,2125,1593750
أرض,سكني, الرياض ,جنوبية,750,2125,1593750
أرض,سكني, حي العوالي ,جنوبية,352,3150,1108800
أرض,سكني, الرياض ,أربع شوارع,4262,3150,13425300
أرض,سكني, حي الملقا ,غربية,928,10000,9280000
أرض,سكني, حي حطين ,ثلاث شوارع,2816,10000,28160000
أرض,سكني, حي المهدية ,غربية,625,10000,6250000
أرض,سكني, حي عرقة ,غربية,453,4800,2174400
أرض,سكني, حي عرقة ,شمالية غربية,432,4800,2073600
أرض,سكني, حي ظهرة لبن ,شمالية,930,2600,2418000
أرض,سكني, حي ظهرة لبن ,شمالية,300,2600,780000
أرض,سكني, حي ظهرة لبن ,شمالية,572,2600,1487200
أرض,سكني, الرياض ,غربية,5850,2600,15210000
أرض,سكني, حي السويدي ,جنوبية شرقية,625,3400,2125000
أرض,سكني, الرياض ,شرقية,400,3400,1360000
أرض,سكني, الرياض ,غربية,400,3400,1360000
أرض,سكني, الرياض ,شرقية,400,750,300000
أرض,سكني, الرياض ,شمالية غربية,405,750,303750
أرض,سكني, الرياض ,جنوبية,400,750,300000
أرض,سكني, حي المهدية ,شمالية شرقية,400,2570,1028000
أرض,سكني, الرياض ,شرقية,400,2570,1028000
أرض,سكني, الرياض ,شمالية شرقية,420,2570,1079400
أرض,سكني, الرياض ,غربية,400,2570,1028000
أرض,سكني, حي النرجس ,جنوبية غربية,1400,8000,11200000
أرض,سكني, حي الحزم ,جنوبية,675,6000,4050000
أرض,سكني, حي عكاظ ,غربية,2520,6000,15120000
أرض,سكني, الرياض ,غربية,425,6000,2550000
أرض,سكني, الرياض ,جنوبية غربية,420,714,299880
أرض,سكني, حي البيان ,شمالية,375,714,267750
أرض,سكني, حي البديعة ,ثلاث شوارع,4260,3521,14999460
أرض,سكني, الرياض ,جنوبية,375,1220,457500
أرض,سكني, حي البديعة ,جنوبية شرقية,735,1632,1199520
أرض,سكني, حي الملك فهد ,شمالية شرقية,1419,4200,5959800
أرض,سكني, الرياض ,جنوبية شرقية,471,3500,1648500
أرض,سكني, الرياض ,شمالية شرقية,450,2000,900000
أرض,سكني, حي المحمدية ,جنوبية,360,7500,2700000
أرض,سكني, حي النهضة ,غربية,432,1260,544320
أرض,سكني, حي المهدية ,شمالية,675,3000,2025000
أرض,سكني, الرياض ,شرقية,379,3000,1137000
أرض,سكني, ضاحية نمار ,شمالية,437,3000,1311000
أرض,سكني, الرياض ,شرقية,759,1317,999603
أرض,سكني, حي العارض ,غربية,432,4650,2008800
أرض,سكني, الرياض ,غربية,1050,809,849450
أرض,سكني, الرياض ,شمالية,450,533,239850
أرض,سكني, حي الربيع ,غربية,750,7000,5250000
أرض,سكني, حي النهضة ,شمالية,450,7000,3150000
أرض,سكني, الرياض ,شمالية,375,7000,2625000
أرض,سكني, الرياض ,غربية,300,834,250200
أرض,سكني, حي العقيق ,غربية,300,834,250200
أرض,سكني, العيينة ,جنوبية,937,3800,3560600
أرض,سكني, الرياض ,شرقية,300,1900,570000
أرض,سكني, الرياض ,شمالية,750,1900,1425000
أرض,سكني, حي النرجس ,شرقية,520,5200,2704000
أرض,سكني, حي المهدية ,غربية,410,2439,999990
أرض,سكني, حي المهدية ,شرقية,900,2439,2195100
أرض,سكني, حي اليرموك ,جنوبية,1089,3300,3593700
أرض,سكني, الرياض ,جنوبية,450,1488,669600
أرض,سكني, حي حطين ,جنوبية شرقية,1950,10000,19500000
أرض,سكني, حي النخيل ,ثلاث شوارع,1987,10000,19870000
أرض,سكني, حي المهدية ,جنوبية,560,2680,1500800
أرض,سكني, حي المهدية ,جنوبية,459,2680,1230120
أرض,سكني, الرياض ,جنوبية,459,2680,1230120
أرض,سكني, الرياض ,شرقية,420,2680,1125600
أرض,سكني, حي اليرموك ,شمالية غربية,385,4700,1809500
أرض,سكني, الرياض ,جنوبية,375,4700,1762500
أرض,سكني, حي النفل ,شمالية,375,5600,2100000
أرض,سكني, حي النفل ,غربية,428,5600,2396800
أرض,سكني, حي العارض ,شمالية,500,4400,2200000
أرض,سكني, حي البرية ,جنوبية,630,850,535500
أرض,سكني, حي الصناعية القديمة ,جنوبية شرقية,1849,850,1571650
أرض,سكني, حي النرجس ,شمالية شرقية,944,6000,5664000
أرض,سكني, حي المهدية ,شمالية,460,6000,2760000
أرض,سكني, حي البيان ,جنوبية,375,6000,2250000
أرض,سكني, حي عريض ,جنوبية,375,6000,2250000
أرض,سكني, الرياض ,شرقية,508,826,419608
أرض,سكني, حي القيروان ,شمالية,900,5700,5130000
أرض,سكني, حي ظهرة لبن ,شمالية,400,1800,720000
أرض,سكني, حي ظهرة نمار ,شمالية,400,1800,720000
أرض,سكني, الرياض ,جنوبية,1800,1800,3240000
أرض,سكني, الرياض ,جنوبية,1800,1800,3240000
أرض,سكني, الرياض ,شرقية,450,7888,3549600
أرض,سكني, حي الخير ,شمالية,1714,7888,13520032
أرض,سكني, حي عرقة ,غربية,653,4800,3134400
أرض,سكني, حي القيروان ,شمالية,900,422,379800
أرض,سكني, الرياض ,شمالية,750,1533,1149750
أرض,سكني, الرياض ,غربية,468,1533,717444
أرض,سكني, الرياض ,جنوبية,750,1200,900000
أرض,سكني, حي المروة ,جنوبية,325,1200,390000
أرض,سكني, الرياض ,جنوبية,412,6400,2636800
أرض,سكني, حي النرجس ,جنوبية غربية,1000,6400,6400000
أرض,سكني, الرياض ,شمالية,750,1160,870000
أرض,سكني, حي ضاحية نمار ,جنوبية,450,1160,522000
أرض,سكني, حي الدار البيضاء ,شمالية,750,1600,1200000
أرض,سكني, الرياض ,شمالية,750,1600,1200000
أرض,سكني, حي العزيزية ,شمالية غربية,26966,1000,26966000
أرض,سكني, الرياض ,جنوبية,750,1230,922500
أرض,سكني, الرياض ,جنوبية,750,1133,849750
أرض,سكني, ضاحية نمار ,شمالية,900,6000,5400000
أرض,سكني, حي المهدية ,شرقية,700,2500,1750000
أرض,سكني, الرياض ,شمالية غربية,2000,865,1730000
أرض,سكني, الرياض ,شرقية,750,1280,960000
أرض,تجاري, حي عكاظ ,شمالية,900,4000,3600000
أرض,تجاري, حي عكاظ ,جنوبية شرقية,1600,968,1548800
أرض,تجاري, حي المربع ,شمالية,437,2300,1005100
أرض,تجاري, حي المربع ,ثلاث شوارع,495,2300,1138500
أرض,تجاري, حي النسيم الغربي ,شرقية,750,1240,930000
أرض,تجاري, حي ظهرة لبن ,جنوبية,432,7000,3024000
أرض,تجاري, حي النرجس ,جنوبية,345,7000,2415000
أرض,تجاري, حي النسيم الغربي ,جنوبية,345,7000,2415000
أرض,تجاري, حي الشرق ,جنوبية,437,7000,3059000
أرض,تجاري, ضاحية نمار ,جنوبية,300,7000,2100000
أرض,تجاري, ضاحية نمار ,شمالية,598,752,449696
أرض,تجاري, حي طويق ,ثلاث شوارع,5595,2700,15106500
أرض,سكني, الرياض ,جنوبية,405,4400,1782000
أرض,سكني, الرياض ,جنوبية,407,1000,407000
أرض,سكني, الرياض ,شرقية,2520,1000,2520000
أرض,سكني, حي النرجس ,جنوبية,345,6200,2139000
أرض,سكني, حي ظهرة لبن ,شمالية,450,4500,2025000
أرض,سكني, حي ظهرة لبن ,شمالية,375,1500,562500
أرض,سكني, حي النرجس ,غربية,22300,2700,60210000
أرض,سكني, حي العارض ,جنوبية,495,4200,2079000
أرض,سكني, حي القادسية ,أربع شوارع,10000,2400,24000000
أرض,سكني, حي خشم العان ,أربع شوارع,10000,2400,24000000
أرض,سكني, حي عرقة ,غربية,1400,2400,3360000
أرض,سكني, حي المشرق ,شمالية,900,559,503100
أرض,سكني, الرياض ,شمالية,900,559,503100
أرض,سكني, حي الصفا ,غربية,400,3600,1440000
أرض,سكني, الرياض ,غربية,588,3600,2116800
أرض,سكني, حي الغنامية ,ثلاث شوارع,4250,3600,15300000
أرض,سكني, العيينة ,شمالية,438,2950,1292100
أرض,سكني, حي المهدية ,غربية,350,2950,1032500
أرض,سكني, الرياض ,شمالية,362,1670,604540
أرض,سكني, الرياض ,شمالية,930,560,520800
أرض,سكني, الرياض ,شرقية,700,550,385000
أرض,سكني, الرياض ,جنوبية,4772,550,2624600
أرض,سكني, حي المهدية ,جنوبية,4772,550,2624600
أرض,سكني, حي الشفا ,جنوبية,535,1730,925550
أرض,سكني, حي الملك فيصل ,جنوبية,900,1730,1557000
أرض,سكني, حي الملك فيصل ,شمالية,390,4200,1638000
أرض,سكني, الرياض ,شمالية غربية,432,4200,1814400
أرض,سكني, حي المهدية ,شمالية غربية,432,4200,1814400
أرض,سكني, طريق النفود ,شمالية,400,575,230000
أرض,سكني, حي المشرق ,شمالية,400,575,230000
أرض,سكني, حي المشرق ,شمالية,763,575,438725
أرض,سكني, الرياض ,شرقية,750,575,431250
أرض,سكني, الرياض ,جنوبية,750,575,431250
أرض,سكني, الرياض ,شمالية,360,575,207000
أرض,تجاري, حي غرناطة ,شمالية,575,5800,3335000
أرض,تجاري, حي السلي ,شرقية,15000,1533,22995000
أرض,تجاري, الرياض ,شمالية,420,2857,1199940
أرض,تجاري, حي النرجس ,شمالية غربية,900,2857,2571300
أرض,تجاري, حي المهدية ,شمالية,420,2857,1199940
أرض,تجاري, حي الخير ,شمالية,455,3200,1456000
أرض,تجاري, حي المغرزات ,شمالية,514,7000,3598000
أرض,تجاري, الرياض ,شمالية,514,7000,3598000
أرض,تجاري, الرياض ,شمالية,375,7000,2625000
أرض,تجاري, الرياض ,شمالية,375,1466,549750
أرض,تجاري, حي المهدية ,شمالية,500,3600,1800000
أرض,تجاري, حي الخير ,شمالية,503,1775,892825
أرض,تجاري, حي طويق ,شمالية,503,1775,892825
أرض,تجاري, حي القيروان ,غربية,600,6400,3840000
أرض,تجاري, حي النرجس ,شمالية غربية,962,6400,6156800
أرض,تجاري, الرياض ,غربية,375,1000,375000
أرض,سكني, حي عريض ,جنوبية شرقية,517,774,400158
أرض,سكني, حي الخير ,غربية,354,1800,637200
أرض,سكني, حي عرقة ,شمالية,600,1800,1080000
أرض,سكني, حي عرقة ,جنوبية,412,3200,1318400
أرض,سكني, حي النرجس ,جنوبية,458,3200,1465600
أرض,سكني, حي المغرزات ,جنوبية شرقية,1050,7500,7875000
أرض,سكني, الرياض ,شرقية,810,1360,1101600
أرض,سكني, الرياض ,شرقية,437,1360,594320
أرض,سكني, حي القيروان ,غربية,600,6350,3810000
أرض,سكني, الرياض ,شمالية,782,1000,782000
أرض,سكني, حي الرمال ,جنوبية,416,3200,1331200
أرض,سكني, الرياض ,شمالية,744,1000,744000
أرض,سكني, حي عريض ,شمالية,3493,1000,3493000
أرض,سكني, حي بدر ,شرقية,351,1000,351000
أرض,سكني, الرياض ,ثلاث شوارع,9569,1000,9569000
أرض,سكني, حي غرناطة ,ثلاث شوارع,4187,1000,4187000
أرض,سكني, حي ظهرة لبن ,شمالية,900,3800,3420000
أرض,سكني, حي ظهرة لبن ,جنوبية,731,3800,2777800
أرض,سكني, حي ظهرة لبن ,شرقية,2500,6800,17000000
أرض,سكني, حي النهضة ,شرقية,362,2700,977400
أرض,سكني, الرياض ,شمالية,600,800,480000
أرض,سكني, حي السلي ,شمالية,750,1800,1350000
أرض,سكني, حي المهدية ,شمالية,450,1800,810000
أرض,سكني, حي المهدية ,جنوبية,450,1800,810000
أرض,سكني, حي اشبيلية ,أربع شوارع,5670,4900,27783000
أرض,سكني, العيينة ,جنوبية,630,1190,749700
أرض,سكني, العيينة ,جنوبية,747,414,309258
أرض,سكني, حي الخير ,شرقية,375,414,155250
أرض,سكني, الرياض ,غربية,432,1200,518400
أرض,سكني, الرياض ,شرقية,375,1200,450000
أرض,سكني, الرياض ,شمالية,750,1200,900000
أرض,سكني, حي النهضة ,شرقية,420,3000,1260000
أرض,سكني, حي النرجس ,شمالية غربية,900,4800,4320000
أرض,سكني, حي النرجس ,شمالية,720,4800,3456000
أرض,سكني, الرياض ,جنوبية,375,1333,499875
أرض,سكني, حي المروج ,شمالية شرقية,900,5500,4950000
أرض,سكني, حي النرجس ,جنوبية,896,5500,4928000
أرض,سكني, حي الحمراء ,شرقية,1125,4800,5400000
أرض,سكني, حي عريض ,شرقية,375,900,337500
أرض,سكني, طريق سعيد ابن زيد ,شرقية,375,900,337500
أرض,سكني, الرياض ,شمالية,437,1167,509979
أرض,سكني, حي الرمال ,جنوبية,412,3150,1297800
أرض,سكني, حي العارض ,جنوبية,638,3150,2009700
أرض,سكني, الرياض ,شمالية,375,1466,549750
أرض,سكني, حي النرجس ,شمالية,810,1466,1187460
أرض,سكني, حي العلا ,جنوبية,750,1466,1099500
أرض,سكني, حي ظهرة لبن ,جنوبية,450,3000,1350000
أرض,سكني, حي عريض ,شمالية,400,3000,1200000
أرض,سكني, حي العزيزية ,أربع شوارع,14835,3000,44505000
أرض,سكني, حي العزيزية ,جنوبية,437,1200,524400
أرض,سكني, الرياض ,شرقية,425,1200,510000
أرض,سكني, الرياض ,جنوبية شرقية,475,1200,570000
أرض,سكني, الرياض ,شمالية,438,1200,525600
أرض,سكني, الرياض ,جنوبية شرقية,472,1200,566400
أرض,سكني, حي النرجس ,شمالية,900,1200,1080000
أرض,سكني, حي ظهرة لبن ,شمالية,400,1200,480000
أرض,سكني, الرياض ,شرقية,507,1200,608400
أرض,سكني, الرياض ,جنوبية,614,1200,736800
أرض,سكني, حي العارض ,شرقية,400,4500,1800000
أرض,سكني, الرياض ,شرقية,371,4500,1669500
أرض,سكني, طريق النفود ,شمالية,382,4500,1719000
أرض,سكني, حي النهضة ,شمالية,450,2650,1192500
أرض,سكني, حي المهدية ,جنوبية,600,2650,1590000
أرض,سكني, حي بنبان ,شمالية شرقية,4800,5000,24000000
أرض,سكني, الرياض ,شمالية شرقية,4800,5000,24000000
أرض,سكني, الرياض ,جنوبية,630,5000,3150000
أرض,سكني, الرياض ,غربية,403,5000,2015000
أرض,سكني, الرياض ,شمالية شرقية,357,5000,1785000
أرض,سكني, حي ظهرة لبن ,شمالية,450,2555,1149750
أرض,سكني, الرياض ,غربية,414,719,297666
أرض,سكني, الرياض ,جنوبية,744,1100,818400
أرض,تجاري وسكني, الرياض ,شمالية,900,3000,2700000
أرض,تجاري وسكني, الرياض ,غربية,954,713,680202
أرض,تجاري وسكني, الرياض ,شمالية,900,713,641700
أرض,سكني, الرياض ,شمالية,744,1209,900000
أرض,سكني, حي بدر ,غربية,345,1304,449880
أرض,سكني, حي بدر ,شمالية,2000,1304,2608000
أرض,سكني, حي المغرزات ,شمالية,2000,1304,2608000
أرض,سكني, حي المغرزات ,جنوبية غربية,969,1304,1263576
أرض,سكني, العيينة ,شمالية,4956,2100,10407600
أرض,سكني, حي المشرق ,شمالية شرقية,2000,2100,4200000
أرض,سكني, حي عريض ,جنوبية غربية,400,800,320000
أرض,سكني, حي العارض ,جنوبية غربية,400,800,320000
أرض,سكني, حي القادسية ,جنوبية,597,5200,3104400
أرض,سكني, حي النرجس ,غربية,399,5850,2334150
أرض,سكني, حي النرجس ,جنوبية غربية,10000,5850,58500000
أرض,سكني, حي القدس ,غربية,450,5300,2385000
أرض,سكني, الرياض ,شرقية,400,875,350000
أرض,سكني, الرياض ,شرقية,750,875,656250
أرض,سكني, العيينة ,شمالية,4956,2200,10903200
أرض,سكني, العيينة ,جنوبية,750,7333,5499750
أرض,سكني, حي الرمال ,جنوبية,900,2900,2610000
أرض,سكني, حي ظهرة لبن ,جنوبية,450,2800,1260000
أرض,سكني, الرياض ,جنوبية,450,2800,1260000
أرض,سكني, طريق النفود ,جنوبية,900,2800,2520000
أرض,سكني, طريق النفود ,جنوبية,450,2800,1260000
أرض,سكني, حي القادسية ,شمالية,450,2800,1260000
أرض,سكني, حي القادسية ,جنوبية,736,2800,2060800
أرض,سكني, حي القادسية ,شمالية,750,2800,2100000
أرض,سكني, حي ظهرة لبن ,غربية,400,2000,800000
أرض,سكني, ضاحية نمار ,جنوبية,2311,800,1848800
أرض,سكني, حي المهدية ,شمالية غربية,585,800,468000
أرض,سكني, حي عكاظ ,شمالية,1440,1388,1998720
أرض,سكني, حي النرجس ,شرقية,3540,1388,4913520
أرض,سكني, حي النرجس ,شمالية غربية,900,4000,3600000
أرض,سكني, حي ظهرة نمار ,جنوبية,706,2266,1599796
أرض,سكني, حي الروضة ,شمالية,750,3700,2775000
أرض,سكني, الرياض ,غربية,432,3700,1598400
أرض,سكني, حي العوالي ,غربية,367,3700,1357900
أرض,تجاري وسكني, حي النسيم الغربي ,جنوبية,750,1800,1350000
أرض,تجاري وسكني, حي الروضة ,غربية,750,4000,3000000
أرض,تجاري وسكني, حي الروضة ,شمالية غربية,750,4000,3000000
أرض,تجاري وسكني, ضاحية نمار ,غربية,750,4000,3000000
أرض,تجاري وسكني, ضاحية نمار ,جنوبية,750,4000,3000000
أرض,تجاري وسكني, حي المهدية ,شمالية غربية,787,318,250266
أرض,تجاري وسكني, حي المهدية ,شمالية,499,318,158682
أرض,تجاري وسكني, حي المهدية ,غربية,400,318,127200
أرض,تجاري وسكني, حي المهدية ,شمالية,750,318,238500
أرض,تجاري وسكني, حي ظهرة لبن ,جنوبية,450,3100,1395000
أرض,تجاري وسكني, الرياض ,جنوبية,900,944,849600
أرض,تجاري وسكني, الرياض ,جنوبية,870,867,754290
أرض,تجاري وسكني, الرياض ,غربية,600,867,520200
أرض,تجاري وسكني, الرياض ,جنوبية,750,867,650250
أرض,تجاري وسكني, حي الخير ,شرقية,455,867,394485
أرض,تجاري وسكني, حي المهدية ,شمالية,300,867,260100
أرض,تجاري وسكني, حي طويق ,شمالية,840,867,728280
أرض,تجاري وسكني, حي طويق ,غربية,756,867,655452
أرض,تجاري وسكني, حي النرجس ,شمالية غربية,900,4000,3600000
أرض,تجاري وسكني, حي النرجس ,جنوبية,450,3700,1665000
أرض,تجاري وسكني, الرياض ,غربية,1151,3700,4258700
أرض,تجاري وسكني, حي المشاعل ,شرقية,2529,3700,9357300
أرض,تجاري وسكني, حي ظهرة نمار ,شمالية,861,3700,3185700
أرض,تجاري وسكني, حي ظهرة لبن ,جنوبية غربية,400,4500,1800000
أرض,تجاري وسكني, حي ظهرة نمار ,جنوبية,862,4500,3879000
أرض,تجاري وسكني, حي ظهرة لبن ,جنوبية غربية,400,2250,900000
أرض,تجاري وسكني, حي ظهرة لبن ,شرقية,918,2250,2065500
أرض,تجاري وسكني, حي المروج ,شمالية,300,2250,675000
أرض,تجاري وسكني, حي ظهرة نمار ,شمالية,861,2250,1937250
أرض,تجاري وسكني, حي طويق ,جنوبية,840,2261,1899240
أرض,تجاري وسكني, حي العوالي ,جنوبية,850,2261,1921850
أرض,تجاري وسكني, حي ظهرة نمار ,جنوبية,877,2261,1982897
أرض,تجاري وسكني, حي المناخ ,جنوبية,337,2240,754880
أرض,تجاري وسكني, حي المهدية ,جنوبية,337,2240,754880
أرض,تجاري وسكني, الرياض ,جنوبية,750,1133,849750
أرض,تجاري وسكني, حي طويق ,شمالية,900,1133,1019700
أرض,تجاري وسكني, حي العوالي ,شمالية,900,1133,1019700
أرض,تجاري وسكني, حي طويق ,شمالية,900,3150,2835000
أرض,تجاري وسكني, حي العوالي ,شمالية,900,3150,2835000
أرض,تجاري وسكني, حي المهدية ,شمالية,450,3150,1417500
أرض,تجاري وسكني, حي المهدية ,جنوبية غربية,400,3000,1200000
أرض,سكني, حي ظهرة لبن ,جنوبية غربية,400,2250,900000
أرض,سكني, حي المهدية ,شمالية,445,3000,1335000
أرض,سكني, حي العزيزية ,غربية,500,1850,925000
أرض,سكني, حي المهدية ,جنوبية شرقية,450,3000,1350000
أرض,سكني, حي الشرق ,شمالية,454,2500,1135000
أرض,سكني, حي ظهرة لبن ,جنوبية,1200,2500,3000000
أرض,سكني, الرياض ,شمالية,910,9891,9000810
أرض,سكني, حي المهدية ,جنوبية,450,9891,4450950
أرض,سكني, شارع ابن ماجه ,ثلاث شوارع,10500,2700,28350000
أرض,سكني, حي المغرزات ,جنوبية شرقية,1050,8000,8400000
أرض,سكني, حي المهدية ,جنوبية شرقية,1050,8000,8400000
أرض,سكني, حي المهدية ,شمالية,536,2600,1393600
أرض,سكني, حي القيروان ,شمالية,536,2600,1393600
أرض,سكني, حي القيروان ,غربية,600,6300,3780000
أرض,سكني, حي المهدية ,شمالية غربية,585,6300,3685500
أرض,سكني, حي المهدية ,غربية,744,1800,1339200
أرض,سكني, حي السعادة ,غربية,744,1800,1339200
أرض,سكني, حي المهدية ,شمالية,418,2700,1128600
أرض,سكني, ضاحية نمار ,شمالية,750,2700,2025000
أرض,سكني, حي النرجس ,غربية,399,5800,2314200
أرض,سكني, حي المهدية ,جنوبية,1250,2800,3500000
أرض,سكني, حي العليا ,جنوبية,1250,2800,3500000
أرض,سكني, حي الخير ,جنوبية,375,1413,529875
أرض,سكني, حي العليا ,شمالية شرقية,600,1413,847800
أرض,سكني, الرياض ,جنوبية,375,1413,529875
أرض,سكني, الرياض ,جنوبية,2254,900,2028600
أرض,سكني, حي الندوة ,شمالية,375,900,337500
أرض,سكني, حي الندوة ,شرقية,900,1000,900000
أرض,سكني, حي المهدية ,شمالية غربية,787,3200,2518400
أرض,سكني, حي المهدية ,غربية,900,1000,900000
أرض,سكني, الرياض ,جنوبية غربية,900,1000,900000
أرض,سكني, حي الفيحاء ,غربية,720,1000,720000
أرض,سكني, حي الفيحاء ,غربية,900,1000,900000
أرض,سكني, حي الفيحاء ,جنوبية غربية,900,777,699300
أرض,سكني, حي العارض ,ثلاث شوارع,1490,777,1157730
أرض,سكني, حي ظهرة لبن ,جنوبية غربية,400,2338,935200
أرض,تجاري وسكني, الرياض ,جنوبية غربية,525,1700,892500
أرض,تجاري وسكني, الرياض ,غربية,900,2300,2070000
أرض,تجاري وسكني, حي العوالي ,شمالية,1060,2000,2120000
أرض,تجاري وسكني, حي العوالي ,شرقية,900,1111,999900
أرض,سكني, حي بدر ,جنوبية,500,1300,650000
أرض,سكني, حي بدر ,غربية,900,1300,1170000
أرض,سكني, الرياض ,جنوبية,500,1300,650000
أرض,سكني, حي ظهرة لبن ,جنوبية,625,1300,812500
أرض,سكني, حي المهدية ,شمالية,499,1300,648700
أرض,سكني, حي المهدية ,شرقية,900,1111,999900
أرض,سكني, ضاحية نمار ,شمالية غربية,2001,1111,2223111
أرض,سكني, ضاحية نمار ,شرقية,900,1111,999900
أرض,سكني, حي النرجس ,شرقية,525,4800,2520000
أرض,سكني, حي النرجس ,شرقية,525,4700,2467500
أرض,سكني, حي النرجس ,شمالية,2061,4700,9686700
أرض,سكني, حي الملقا ,شمالية,4440,7000,31080000
أرض,سكني, حي النرجس ,غربية,5995,7000,41965000
أرض,سكني, الرياض ,شمالية,802,1150,922300
أرض,سكني, حي الخير ,غربية,375,1600,600000
أرض,سكني, حي الروضة ,شمالية شرقية,608,4000,2432000
أرض,سكني, حي الخير ,غربية,400,1500,600000
أرض,سكني, حي الروضة ,شرقية,543,4100,2226300
أرض,سكني, حي المهدية ,شمالية,600,2416,1449600
أرض,سكني, حي الملك فيصل ,شرقية,750,3350,2512500
أرض,سكني, حي اليرموك ,شمالية,300,3600,1080000
أرض,سكني, حي المصانع ,ثلاث شوارع,3157,3600,11365200
أرض,سكني, حي المعيزلة ,شمالية,437,2900,1267300
أرض,سكني, حي الملك فيصل ,غربية,760,526,399760
أرض,سكني, حي الملقا ,شمالية,546,9000,4914000
أرض,سكني, حي الرمال ,جنوبية غربية,1930,2800,5404000
أرض,سكني, الرياض ,شمالية,805,1155,929775
أرض,سكني, الرياض ,جنوبية,625,3700,2312500
أرض,سكني, الرياض ,شمالية غربية,414,9000,3726000
أرض,سكني, الرياض ,جنوبية,630,9000,5670000
أرض,سكني, حي السعادة ,جنوبية,306,2777,849762
أرض,سكني, حي النرجس ,غربية,400,5000,2000000
أرض,سكني, حي الرمال ,غربية,600,3000,1800000
أرض,سكني, الرياض ,ثلاث شوارع,1225,2500,3062500
أرض,سكني, الرياض ,شمالية,330,2500,825000
أرض,سكني, الرياض ,شرقية,2160,2500,5400000
أرض,سكني, الرياض ,شرقية,705,1205,849525
أرض,سكني, حي الياسمين ,شمالية,910,19780,17999800
أرض,سكني, حي الياسمين ,شمالية,2172,19780,42962160
أرض,سكني, حي ثليم ,جنوبية غربية,333,19780,6586740
أرض,سكني, حي ثليم ,شرقية,2227,19780,44050060
أرض,سكني, ضاحية نمار ,شرقية,2227,19780,44050060
أرض,سكني, ضاحية نمار ,شمالية شرقية,2215,19780,43812700
أرض,سكني, ضاحية نمار ,جنوبية,2200,19780,43516000
أرض,سكني, ضاحية نمار ,جنوبية شرقية,2200,19780,43516000
أرض,سكني, ضاحية نمار ,غربية,2227,19780,44050060
أرض,سكني, الرياض ,جنوبية,875,1120,980000
أرض,سكني, حي المشرق ,شمالية,750,480,360000
أرض,سكني, حي الجنادرية ,شمالية شرقية,500,480,240000
أرض,سكني, حي العليا ,شمالية شرقية,1741,6000,10446000
أرض,سكني, حي الرمال ,ثلاث شوارع,1200,3400,4080000
أرض,سكني, امارة منطقة الرياض ,شمالية,750,600,450000
أرض,سكني, امارة منطقة الرياض ,شمالية شرقية,2237,600,1342200
أرض,سكني, امارة منطقة الرياض ,شمالية غربية,2250,600,1350000
أرض,سكني, امارة منطقة الرياض ,شمالية غربية,2237,600,1342200
أرض,سكني, امارة منطقة الرياض ,شمالية,2250,600,1350000
أرض,سكني, امارة منطقة الرياض ,شمالية,1650,8000,13200000
أرض,سكني, امارة منطقة الرياض ,غربية,2250,888,1998000
أرض,سكني, امارة منطقة الرياض ,غربية,900,888,799200
أرض,سكني, حي العلا ,شمالية,936,459,429624
أرض,سكني, حي اليرموك ,جنوبية,1089,459,499851
أرض,تجاري وسكني, ملهم ,شرقية,312,1925,600600
أرض,تجاري وسكني, ضاحية نمار ,شمالية,1060,2000,2120000
أرض,سكني, حي النرجس ,شمالية,900,4000,3600000
أرض,سكني, حي النرجس ,غربية,450,2000,900000
أرض,سكني, حي النرجس ,شمالية,300,2000,600000
أرض,سكني, حي النرجس ,شمالية,455,4800,2184000
أرض,سكني, الرياض ,جنوبية,375,1466,549750
أرض,سكني, حي المهدية ,شمالية,300,3500,1050000
أرض,سكني, حي المهدية ,شمالية,300,3333,999900
أرض,سكني, حي بنبان ,شمالية,503,1230,618690
أرض,سكني, حي ظهرة لبن ,جنوبية,450,2700,1215000
أرض,سكني, الرياض ,جنوبية,742,1400,1038800
أرض,سكني, حي المهدية ,غربية,450,1400,630000
أرض,سكني, الرياض ,جنوبية,300,4400,1320000
أرض,سكني, الرياض ,شمالية شرقية,900,4019,3617100
أرض,سكني, حي ظهرة لبن ,جنوبية,400,2625,1050000
أرض,تجاري وسكني, حي ثليم ,جنوبية غربية,340,4400,1496000
أرض,تجاري وسكني, حي ثليم ,جنوبية غربية,432,4400,1900800
أرض,تجاري وسكني, حي ظهرة لبن ,جنوبية,450,4400,1980000
أرض,تجاري وسكني, حي ظهرة لبن ,جنوبية شرقية,2327,859,1998893
أرض,تجاري وسكني, حي الياسمين ,جنوبية,1500,6700,10050000
أرض,تجاري وسكني, حي النرجس ,شمالية,455,4800,2184000
أرض,تجاري وسكني, حي عريض ,شرقية,700,1350,945000
أرض,تجاري وسكني, حي عريض ,شمالية,785,1350,1059750
أرض,تجاري وسكني, الرياض ,غربية,600,1350,810000
أرض,تجاري وسكني, الرياض ,جنوبية,2340,1350,3159000
أرض,تجاري وسكني, الرياض ,شمالية,437,2350,1026950
أرض,تجاري وسكني, الرياض ,شمالية غربية,582,2350,1367700
أرض,تجاري وسكني, حي اليمامة ,غربية,386,2350,907100
أرض,تجاري وسكني, الرياض ,غربية,900,2350,2115000
أرض,تجاري وسكني, الرياض ,شمالية,375,1333,499875
أرض,تجاري وسكني, حي الياسمين ,جنوبية,1500,6667,10000500
أرض,سكني, حي القدس ,جنوبية,500,4100,2050000
أرض,سكني, حي عرقة ,شمالية,536,6000,3216000
أرض,سكني, حي القيروان ,غربية,450,6000,2700000
أرض,سكني, الرياض ,شمالية,450,2600,1170000
أرض,سكني, الرياض ,شمالية,670,1000,670000
أرض,سكني, الرياض ,شمالية,2394,1000,2394000
أرض,سكني, حي المهدية ,شرقية,391,1800,703800
أرض,سكني, حي المهدية ,شمالية,670,993,665310
أرض,سكني, حي بدر ,ثلاث شوارع,7861,993,7805973
أرض,سكني, حي حطين ,جنوبية غربية,1200,10000,12000000
أرض,سكني, حي بدر ,جنوبية غربية,1200,10000,12000000
أرض,سكني, حي النرجس ,غربية,1800,10000,18000000
أرض,سكني, الرياض ,جنوبية,900,10000,9000000
أرض,سكني, الرياض ,جنوبية,420,10000,4200000
أرض,سكني, الرياض ,جنوبية,375,10000,3750000
أرض,سكني, الرياض ,شمالية,375,10000,3750000
أرض,سكني, الرياض ,غربية,2100,10000,21000000
أرض,سكني, حي المونسية ,شمالية,621,10000,6210000
أرض,سكني, حي ظهرة لبن ,غربية,900,2000,1800000
أرض,سكني, الرياض ,جنوبية,312,2000,624000
أرض,سكني, حي الرمال ,شمالية شرقية,580,2000,1160000
أرض,سكني, الرياض ,جنوبية,750,2000,1500000
أرض,سكني, حي عقرباء ,شمالية غربية,500,2460,1230000
أرض,سكني, حي النرجس ,جنوبية,333,3339,1111887
أرض,سكني, الرياض ,شمالية,630,6000,3780000
أرض,سكني, حي الوادي ,شرقية,625,3000,1875000
أرض,سكني, حي النرجس ,جنوبية غربية,900,4000,3600000
أرض,سكني, شارع السلطان محمد الفاتح ,شمالية,692,6400,4428800
أرض,سكني, حي ظهرة لبن ,جنوبية غربية,1400,6400,8960000
أرض,سكني, الرياض ,شمالية,375,6400,2400000
أرض,سكني, الرياض ,شمالية,900,1500,1350000
أرض,سكني, الرياض ,شرقية,810,1350,1093500
أرض,تجاري وسكني, حي الزاهر ,جنوبية شرقية,900,1000,900000
أرض,تجاري وسكني, العيينة ,جنوبية شرقية,900,1000,900000
أرض,تجاري وسكني, حي عريض ,ثلاث شوارع,495,1000,495000
أرض,تجاري وسكني, حي طيبة ,ثلاث شوارع,6889,1000,6889000
أرض,تجاري وسكني, حي طيبة ,جنوبية,1843,1000,1843000
أرض,تجاري وسكني, حي طيبة ,أربع شوارع,1843,1000,1843000
أرض,تجاري وسكني, حي طيبة ,جنوبية,360,1000,360000
أرض,تجاري وسكني, حي الملك عبدالله ,أربع شوارع,8217,3000,24651000
أرض,تجاري وسكني, الرياض ,أربع شوارع,8217,3000,24651000
أرض,تجاري وسكني, حي ظهرة لبن ,ثلاث شوارع,750,3000,2250000
أرض,تجاري وسكني, حي القادسية ,شمالية,312,3000,936000
أرض,تجاري وسكني, حي ظهرة لبن ,شمالية شرقية,900,3000,2700000
أرض,تجاري وسكني, حي المروة ,شرقية,2625,4500,11812500
أرض,تجاري وسكني, حي المروة ,شرقية,900,4500,4050000
أرض,تجاري وسكني, الرياض ,جنوبية,372,4500,1674000
أرض,تجاري وسكني, الرياض ,شرقية,747,6500,4855500
أرض,تجاري, حي السلي ,شمالية,2800,4000,11200000
أرض,تجاري, حي القادسية ,جنوبية شرقية,306,2700,826200
أرض,سكني, الرياض ,شمالية,375,1320,495000
أرض,سكني, حي النرجس ,جنوبية,900,1320,1188000
أرض,سكني, حي طويق ,جنوبية شرقية,900,1600,1440000
أرض,سكني, حي النرجس ,شمالية غربية,425,4250,1806250
أرض,سكني, حي الجزيرة ,أربع شوارع,1800,4250,7650000
أرض,سكني, حي العارض ,شمالية غربية,425,3100,1317500
أرض,سكني, حي المناخ ,شمالية,312,1600,499200
أرض,سكني, حي المناخ ,شمالية,630,1600,1008000
أرض,سكني, حي القادسية ,جنوبية,3000,3080,9240000
أرض,سكني, حي القادسية ,جنوبية,890,1179,1049310
أرض,سكني, حي ظهرة لبن ,جنوبية غربية,1400,3100,4340000
أرض,سكني, الرياض ,جنوبية,750,546,409500
أرض,سكني, حي عريض ,شمالية,450,546,245700
أرض,سكني, حي بدر ,شمالية,375,546,204750
أرض,سكني, حي بدر ,غربية,900,546,491400
أرض,سكني, الرياض ,جنوبية,360,1480,532800
أرض,سكني, الرياض ,شرقية,450,1480,666000
أرض,سكني, حي الرفيعة ,شمالية شرقية,483,5800,2801400
أرض,سكني, الرياض ,شمالية,910,5800,5278000
أرض,سكني, الرياض ,جنوبية,1752,1997,3498744
أرض,سكني, حي النرجس ,شرقية,594,5000,2970000
أرض,سكني, حي اليرموك ,جنوبية,1089,3200,3484800
أرض,سكني, حي النرجس ,جنوبية,1089,3200,3484800
أرض,سكني, الرياض ,جنوبية غربية,408,3200,1305600
أرض,سكني, حي المونسية ,شمالية,875,4000,3500000
أرض,سكني, الرياض ,شرقية,375,4000,1500000
أرض,سكني, الرياض ,شرقية,375,1455,545625
أرض,سكني, الرياض ,شمالية,1627,1455,2367285
أرض,سكني, حي حطين ,شمالية غربية,4000,1455,5820000
أرض,سكني, حي حطين ,شمالية,1627,1455,2367285
أرض,سكني, حي العلا ,شمالية,1627,1455,2367285
أرض,سكني, حي النهضة ,جنوبية,1089,2850,3103650
أرض,سكني, الرياض ,جنوبية,750,467,350250
أرض,سكني, الرياض ,شمالية,427,467,199409
أرض,سكني, حي المهدية ,شمالية غربية,900,467,420300
أرض,سكني, حي النرجس ,شمالية,300,5500,1650000
أرض,سكني, الرياض ,ثلاث شوارع,2600,2400,6240000
أرض,سكني, حي الناصرية ,ثلاث شوارع,2600,2400,6240000
أرض,سكني, حي الناصرية ,جنوبية,9053,4000,36212000
أرض,سكني, الرياض ,شرقية,900,4000,3600000
أرض,سكني, حي ظهرة لبن ,جنوبية غربية,400,4000,1600000
أرض,سكني, حي ظهرة لبن ,شمالية,692,4000,2768000
أرض,سكني, حي ظهرة لبن ,جنوبية,450,3100,1395000
أرض,سكني, حي النظيم ,غربية,590,3100,1829000
أرض,سكني, حي النسيم الغربي ,جنوبية,875,1800,1575000
أرض,سكني, حي الصفا ,غربية,400,1800,720000
أرض,سكني, حي أم الحمام الغربي ,غربية,600,2667,1600200
أرض,سكني, حي ظهرة لبن ,شمالية,450,2667,1200150
أرض,سكني, حي ظهرة لبن ,غربية,600,2667,1600200
أرض,سكني, حي الرمال ,جنوبية,372,3100,1153200
أرض,سكني, حي ظهرة لبن ,شمالية,2400,3100,7440000
أرض,سكني, حي النسيم الغربي ,جنوبية,875,1900,1662500
أرض,سكني, الرياض ,جنوبية,450,666,299700
أرض,سكني, الرياض ,شمالية,405,666,269730
أرض,سكني, حي ظهرة نمار ,شرقية,483,1500,724500
أرض,تجاري وسكني, حي طويق ,جنوبية,3600,3500,12600000
أرض,تجاري وسكني, حي المهدية ,جنوبية,375,2666,999750
أرض,تجاري وسكني, الرياض ,شرقية,300,800,240000
أرض,تجاري وسكني, حي القيروان ,شمالية,692,6400,4428800
أرض,تجاري وسكني, حي البرية ,جنوبية,330,6400,2112000
أرض,تجاري وسكني, حي البرية ,ثلاث شوارع,10941,6400,70022400
أرض,تجاري وسكني, حي البرية ,شمالية غربية,671,700,469700
أرض,تجاري وسكني, حي ظهرة نمار ,شمالية,511,1600,817600
أرض,تجاري وسكني, حي عرقة ,غربية,1400,5857,8199800
أرض,تجاري وسكني, حي العارض ,أربع شوارع,7420,4000,29680000
أرض,تجاري وسكني, ضاحية نمار ,شمالية,450,4000,1800000
أرض,تجاري وسكني, حي عقرباء ,شمالية,450,4000,1800000
أرض,تجاري وسكني, حي عقرباء ,جنوبية شرقية,625,4000,2500000
أرض,تجاري وسكني, الرياض ,غربية,379,1590,602610
أرض,تجاري وسكني, حي عريض ,غربية,379,1590,602610
أرض,تجاري وسكني, حي المصيف ,شمالية,1270,4500,5715000
أرض,تجاري وسكني, حي المصيف ,جنوبية,350,4000,1400000
أرض,تجاري وسكني, حي عريض ,أربع شوارع,40000,1000,40000000
أرض,تجاري وسكني, حي عريض ,جنوبية,2000,500,1000000
أرض,تجاري وسكني, حي الازدهار ,غربية,771,940,724740
أرض,سكني, حي العارض ,شمالية غربية,1064,5500,5852000
أرض,سكني, الرياض ,جنوبية,375,1546,579750
أرض,سكني, الرياض ,غربية,325,5800,1885000
أرض,سكني, الرياض ,جنوبية,450,3000,1350000
أرض,سكني, الرياض ,جنوبية,450,2889,1300050
أرض,سكني, حي عريض ,جنوبية,486,2889,1404054
أرض,سكني, سدوس ,شرقية,625,2889,1805625
أرض,سكني, الرياض ,جنوبية,450,2000,900000
أرض,سكني, الرياض ,شمالية غربية,460,2000,920000
أرض,سكني, حي العريجاء الوسطى ,شمالية شرقية,400,1750,700000
أرض,سكني, الرياض ,شمالية,759,1750,1328250
أرض,سكني, حي عريض ,جنوبية,360,1450,522000
أرض,سكني, الرياض ,جنوبية,360,1305,469800
أرض,سكني, حي العارض ,جنوبية غربية,775,1305,1011375
أرض,سكني, حي الدار البيضاء ,شرقية,910,1270,1155700
أرض,سكني, حي الدار البيضاء ,شمالية,1050,1450,1522500
أرض,سكني, حي المهدية ,غربية,405,1450,587250
أرض,سكني, الرياض ,جنوبية,750,1450,1087500
أرض,سكني, ضاحية نمار ,جنوبية غربية,537,1400,751800
أرض,سكني, ملهم ,شمالية,312,1400,436800
أرض,سكني, القرينة ,جنوبية,630,920,579600
أرض,سكني, حي الملز ,ثلاث شوارع,1148,920,1056160
أرض,سكني, العيينة ,شرقية,390,2600,1014000
أرض,سكني, العيينة ,جنوبية,375,2600,975000
أرض,سكني, حي عريض ,جنوبية,630,1380,869400
أرض,سكني, حي المهدية ,جنوبية,400,2750,1100000
أرض,سكني, حي النرجس ,جنوبية شرقية,475,4700,2232500
أرض,سكني, حي المهدية ,شمالية,460,2550,1173000
أرض,سكني, حي ضاحية نمار ,شمالية,460,2550,1173000
أرض,سكني, حي العارض ,شمالية غربية,840,2550,2142000
أرض,سكني, حي العوالي ,شرقية,778,2550,1983900
أرض,سكني, حي العوالي ,جنوبية,769,600,461400
أرض,سكني, الرياض ,شمالية شرقية,540,5000,2700000
أرض,سكني, حي نمار ,غربية,314,5000,1570000
أرض,سكني, حي ظهرة لبن ,غربية,314,5000,1570000
أرض,سكني, حي ظهرة لبن ,جنوبية,1200,3000,3600000
أرض,سكني, الرياض ,شمالية,780,1335,1041300
أرض,سكني, حي عريض ,شمالية,780,1335,1041300
أرض,سكني, حي القيروان ,ثلاث شوارع,2100,1335,2803500
أرض,سكني, حي ظهرة لبن ,غربية,900,3200,2880000
أرض,سكني, حي القيروان ,ثلاث شوارع,2100,3200,6720000
أرض,سكني, الرياض ,ثلاث شوارع,2100,3200,6720000
أرض,سكني, حي ظهرة لبن ,غربية,900,3300,2970000
أرض,سكني, حي حطين ,شمالية غربية,1000,3300,3300000
أرض,سكني, حي حطين ,شمالية,910,6500,5915000
أرض,تجاري, حي ظهرة لبن ,شمالية,930,2500,2325000
أرض,تجاري, حي ظهرة لبن ,غربية,900,2222,1999800
أرض,تجاري, حي النرجس ,شمالية,916,3820,3499120
أرض,تجاري, الرياض ,شمالية,375,2300,862500
أرض,تجاري, الرياض ,شمالية غربية,736,2300,1692800
أرض,تجاري, حي الملك فيصل ,شمالية شرقية,900,4500,4050000
أرض,تجاري وسكني, حي الروضة ,غربية,660,4500,2970000
أرض,تجاري وسكني, حي الروضة ,جنوبية,525,1300,682500
أرض,تجاري وسكني, الرياض ,شمالية شرقية,900,1300,1170000
أرض,تجاري وسكني, الرياض ,جنوبية,525,1400,735000
أرض,تجاري وسكني, الرياض ,غربية,750,1400,1050000
أرض,سكني, الرياض ,جنوبية,780,1283,1000740
أرض,سكني, الرياض ,شرقية,430,3300,1419000
أرض,سكني, الرياض ,جنوبية,780,1415,1103700
أرض,سكني, الرياض ,شمالية,780,1283,1000740
أرض,سكني, حي عريض ,ثلاث شوارع,2500,3500,8750000
أرض,سكني, حي عريض ,جنوبية,2500,1280,3200000
أرض,سكني, حي المهدية ,شمالية,536,1280,686080
أرض,سكني, حي الغنامية ,جنوبية,420,1280,537600
أرض,سكني, حي الزهرة ,جنوبية,500,2000,1000000
أرض,سكني, الرياض ,شمالية غربية,750,4000,3000000
أرض,سكني, حي المهدية ,شمالية,451,2200,992200
أرض,سكني, الرياض ,شمالية شرقية,750,4000,3000000
أرض,سكني, حي المغرزات ,شرقية,713,4000,2852000
أرض,سكني, حي الربوة ,جنوبية غربية,350,4600,1610000
أرض,سكني, حي عريض ,شرقية,434,1250,542500
أرض,سكني, حي ظهرة لبن ,شرقية,452,2500,1130000
أرض,سكني, العيينة ,أربع شوارع,39192,620,24299040
أرض,سكني, الرياض ,أربع شوارع,39192,620,24299040
أرض,سكني, الرياض ,شمالية,750,3333,2499750
أرض,سكني, حي عكاظ ,جنوبية,405,1400,567000
أرض,سكني, حي الخير ,شرقية,422,1400,590800
أرض,سكني, حي ظهرة لبن ,شمالية,1200,1400,1680000
أرض,سكني, الرياض ,جنوبية,360,1370,493200
أرض,سكني, حي ضاحية نمار ,شمالية,887,1200,1064400
أرض,سكني, حي عكاظ ,شمالية شرقية,600,1200,720000
أرض,سكني, الرياض ,شرقية,405,1604,649620
أرض,سكني, حي ظهرة لبن ,جنوبية غربية,1400,1604,2245600
أرض,سكني, حي الوزارات ,جنوبية غربية,1400,1604,2245600
أرض,سكني, حي الخير ,غربية,437,1717,750329
أرض,سكني, حي الخير ,غربية,745,671,499895
أرض,سكني, حي البرية ,شمالية,690,1000,690000
أرض,سكني, حي الخير ,شرقية,600,1000,600000
أرض,سكني, طريق النفود ,شمالية غربية,1050,2095,2199750
أرض,سكني, ضاحية نمار ,شرقية,864,1274,1100736
أرض,سكني, حي ضاحية نمار ,شرقية,864,1042,900288
أرض,سكني, العيينة ,شمالية,500,2500,1250000
أرض,سكني, حي النرجس ,شمالية,900,2500,2250000
أرض,سكني, الرياض ,شمالية,375,1280,480000
أرض,سكني, حي قرطبة ,غربية,450,1280,576000
أرض,سكني, حي ظهرة نمار ,شرقية,440,1900,836000
أرض,سكني, الرياض ,غربية,900,1900,1710000
أرض,سكني, حي المهدية ,شرقية,450,3444,1549800
أرض,سكني, حي النرجس ,شمالية,363,4800,1742400
أرض,سكني, حي القيروان ,غربية,559,5800,3242200
أرض,سكني, حي القيروان ,جنوبية شرقية,1373,5800,7963400
أرض,سكني, حي المشرق ,شرقية,1021,1000,1021000
أرض,سكني, حي المشرق ,جنوبية,450,5000,2250000
أرض,سكني, العيينة ,جنوبية,780,3250,2535000
أرض,سكني, العيينة ,جنوبية,825,3250,2681250
أرض,سكني, حي بدر ,شمالية شرقية,447,2000,894000
أرض,سكني, حي المهدية ,ثلاث شوارع,450,3111,1399950
أرض,سكني, حي الزاهر ,جنوبية غربية,1020,800,816000
أرض,سكني, حي الزاهر ,شرقية,450,900,405000
أرض,سكني, الرياض ,شمالية,437,1965,858705
أرض,سكني, الرياض ,جنوبية شرقية,1080,6100,6588000
أرض,سكني, الرياض ,غربية,390,3300,1287000
أرض,سكني, الرياض ,شمالية,500,1720,860000
أرض,سكني, الرياض ,شرقية,810,802,649620
أرض,سكني, الرياض ,شمالية,736,1317,969312
أرض,سكني, حي الخير ,شمالية غربية,960,2185,2097600
أرض,سكني, حي الخير ,شرقية,312,2185,681720
أرض,سكني, الرياض ,شمالية,450,666,299700
أرض,سكني, الرياض ,شرقية,750,2150,1612500
أرض,سكني, الرياض ,غربية,750,2000,1500000
أرض,سكني, حي النرجس ,غربية,412,4900,2018800
أرض,سكني, الرياض ,شرقية,418,4900,2048200
أرض,سكني, حي حطين ,ثلاث شوارع,1988,10500,20874000
أرض,سكني, الرياض ,جنوبية شرقية,600,1250,750000
أرض,سكني, الرياض ,شرقية,900,1250,1125000
أرض,سكني, حي المهدية ,شرقية,450,2555,1149750
أرض,سكني, حي ظهرة لبن ,شمالية,1200,1667,2000400
أرض,سكني, حي خشم العان ,شرقية,416,1667,693472
أرض,سكني, الرياض ,جنوبية,393,1667,655131
أرض,سكني, حي حطين ,ثلاث شوارع,2000,8500,17000000
أرض,سكني, حي الرمال ,ثلاث شوارع,2246,4000,8984000
أرض,سكني, حي منفوحة ,جنوبية,8058,1200,9669600
أرض,سكني, حي الخير ,جنوبية غربية,705,1200,846000
أرض,سكني, حي ظهرة لبن ,جنوبية,900,1222,1099800
أرض,سكني, حي الملقا ,جنوبية,1292,6695,8649940
أرض,سكني, حي السلام ,شمالية,350,3700,1295000
أرض,سكني, العيينة ,شمالية,937,2350,2201950
أرض,سكني, حي الندى ,شرقية,499,6300,3143700
أرض,سكني, حي النرجس ,غربية,810,4200,3402000
أرض,سكني, حي عريض ,شمالية شرقية,450,822,369900
أرض,سكني, حي المهدية ,غربية,375,822,308250
أرض,تجاري, حي ظهرة لبن ,شمالية غربية,900,2050,1845000
أرض,تجاري, حي الشفا ,غربية,675,1500,1012500
أرض,تجاري, حي المهدية ,غربية,675,1500,1012500
أرض,تجاري, الرياض ,شمالية,750,1266,949500
أرض,تجاري, حي بنبان ,شرقية,800,1625,1300000
أرض,تجاري وسكني, الرياض ,شمالية,3000,1700,5100000
أرض,تجاري وسكني, حي العارض ,شمالية,630,4500,2835000
أرض,تجاري وسكني, حي الخير ,شرقية,938,2000,1876000
أرض,تجاري وسكني, حي النرجس ,شمالية,450,5400,2430000
أرض,تجاري وسكني, حي ظهرة لبن ,جنوبية,900,1222,1099800
أرض,تجاري وسكني, حي النرجس ,شرقية,360,4500,1620000
أرض,تجاري وسكني, حي ظهرة لبن ,جنوبية غربية,1200,1400,1680000
أرض,سكني, العيينة ,شمالية,750,2600,1950000
أرض,سكني, الرياض ,جنوبية,483,1138,549654
أرض,سكني, حي بنبان ,شمالية,800,2712,2169600
أرض,سكني, حي بدر ,شرقية,420,1050,441000
أرض,سكني, الرياض ,شرقية,918,1050,963900
أرض,سكني, الرياض ,غربية,414,724,299736
أرض,سكني, حي الروضة ,جنوبية,900,5778,5200200
أرض,سكني, الرياض ,شرقية,450,890,400500
أرض,سكني, حي نمار ,غربية,341,890,303490
أرض,سكني, حي الحزم ,شمالية,600,890,534000
أرض,سكني, حي المهدية ,شمالية,450,2225,1001250
أرض,سكني, العيينة ,شمالية شرقية,500,2225,1112500
أرض,سكني, حي الحزم ,غربية,525,2225,1168125
أرض,سكني, حي الحائر ,غربية,5769,2225,12836025
أرض,سكني, العيينة ,شمالية,750,3200,2400000
أرض,سكني, الرياض ,شرقية,375,1666,624750
أرض,سكني, حي المروة ,شمالية شرقية,1000,2600,2600000
أرض,سكني, الرياض ,شمالية,750,1306,979500
أرض,سكني, حي النرجس ,شمالية,1110,1306,1449660
أرض,سكني, حي قرطبة ,شرقية,1250,6500,8125000
أرض,سكني, الرياض ,جنوبية,337,1100,370700
أرض,سكني, حي النرجس ,شمالية,370,4500,1665000
أرض,سكني, حي المهدية ,شمالية,300,3335,1000500
أرض,سكني, ملهم ,جنوبية,375,3335,1250625
أرض,سكني, حي العارض ,جنوبية,916,3335,3054860
أرض,سكني, حي العارض ,جنوبية,300,3335,1000500
أرض,سكني, ضاحية نمار ,شمالية,360,5900,2124000
أرض,سكني, حي العارض ,شمالية,336,4500,1512000
أرض,سكني, حي العارض ,جنوبية,336,4500,1512000
أرض,سكني, حي النظيم ,جنوبية,833,1570,1307810
أرض,سكني, حي ظهرة لبن ,شرقية,360,2800,1008000
أرض,سكني, حي طيبة ,شرقية,8664,1100,9530400
أرض,سكني, حي ظهرة لبن ,شرقية,8664,1100,9530400
أرض,سكني, حي الروضة ,شمالية غربية,750,4200,3150000
أرض,سكني, حي الروضة ,غربية,900,444,399600
أرض,سكني, حي المهدية ,شمالية,456,2446,1115376
أرض,سكني, العيينة ,شمالية شرقية,500,2446,1223000
أرض,سكني, حي الخليج ,شمالية شرقية,648,2446,1585008
أرض,سكني, حي العارض ,شمالية,300,4100,1230000
أرض,سكني, حي الخليج ,شمالية شرقية,648,4100,2656800
أرض,سكني, الرياض ,جنوبية شرقية,828,4100,3394800
أرض,سكني, الرياض ,شمالية,500,1700,850000
أرض,سكني, حي ظهرة لبن ,جنوبية,606,1700,1030200
أرض,سكني, حي العوالي ,جنوبية,660,1700,1122000
أرض,سكني, حي النرجس ,جنوبية,360,5000,1800000
أرض,سكني, الرياض ,جنوبية,360,5000,1800000
أرض,سكني, الرياض ,جنوبية,736,1358,999488
أرض,سكني, حي النرجس ,شرقية,375,1358,509250
أرض,سكني, الرياض ,شمالية,705,1358,957390
أرض,سكني, حي النرجس ,ثلاث شوارع,4510,6500,29315000
أرض,سكني, حي النرجس ,شمالية,2800,6500,18200000
أرض,سكني, حي الخير ,شرقية,800,2750,2200000
أرض,سكني, حي الخير ,جنوبية,800,1812,1449600
أرض,سكني, حي الخليج ,شمالية شرقية,648,3500,2268000
أرض,سكني, حي المهدية ,شمالية,405,3500,1417500
أرض,سكني, الرياض ,شرقية,750,1500,1125000
أرض,سكني, الرياض ,شمالية,1627,1500,2440500
أرض,سكني, الرياض ,شمالية,1627,1500,2440500
أرض,سكني, الرياض ,شمالية,752,1500,1128000
أرض,سكني, حي الخير ,شرقية,750,1450,1087500
أرض,سكني, حي عريض ,جنوبية,405,1000,405000
أرض,سكني, حي المهدية ,جنوبية,450,1822,819900
أرض,سكني, حي الصحافة ,شمالية,343,2871,984753
أرض,سكني, حي اشبيلية ,جنوبية شرقية,4733,4500,21298500
أرض,سكني, حي المهدية ,شمالية,456,4500,2052000
أرض,سكني, حي المهدية ,شرقية,375,2000,750000
أرض,سكني, حي الفلاح ,غربية,800,6500,5200000
أرض,سكني, حي المحمدية ,جنوبية,360,7900,2844000
أرض,سكني, الرياض ,شمالية,375,1306,489750
أرض,تجاري وسكني, حي العزيزية ,غربية,720,2153,1550160
أرض,تجاري وسكني, حي الدفاع ,جنوبية شرقية,1225,2000,2450000
أرض,تجاري وسكني, حي بدر ,جنوبية غربية,874,2000,1748000
أرض,تجاري وسكني, حي النرجس ,جنوبية,375,2000,750000
أرض,تجاري وسكني, حي الجنادرية ,جنوبية,375,2000,750000
أرض,تجاري وسكني, الرياض ,شرقية,440,2954,1299760
أرض,تجاري وسكني, ضاحية نمار ,شمالية شرقية,375,1200,450000
أرض,تجاري وسكني, حي اليرموك ,جنوبية,1089,1200,1306800
أرض,تجاري وسكني, الرياض ,غربية,750,507,380250
أرض,تجاري وسكني, الرياض ,شمالية,750,1333,999750
أرض,تجاري وسكني, الرياض ,شمالية شرقية,425,7500,3187500
أرض,تجاري وسكني, حي الزهراء ,شمالية,400,7500,3000000
أرض,تجاري وسكني, حي المهدية ,جنوبية,450,2990,1345500
أرض,تجاري وسكني, الرياض ,شمالية,375,1280,480000
أرض,تجاري وسكني, حي الملقا ,جنوبية غربية,570,7500,4275000
أرض,تجاري وسكني, الرياض ,غربية,375,7500,2812500
أرض,تجاري وسكني, الرياض ,شمالية غربية,368,7500,2760000
أرض,تجاري وسكني, حي النرجس ,شرقية,318,4875,1550250
أرض,تجاري وسكني, حي عكاظ ,شمالية,794,4875,3870750
أرض,تجاري وسكني, حي ظهرة لبن ,غربية,450,4875,2193750
أرض,تجاري وسكني, حي المصيف ,غربية,675,4300,2902500
أرض,تجاري وسكني, الرياض ,غربية,750,4300,3225000
أرض,تجاري وسكني, الرياض ,جنوبية,864,4300,3715200
أرض,تجاري وسكني, حي المصفاة ,جنوبية شرقية,420,4300,1806000
أرض,تجاري وسكني, حي عريض ,شرقية,500,800,400000
أرض,تجاري وسكني, حي عريض ,غربية,600,800,480000
أرض,تجاري وسكني, الرياض ,شرقية,374,800,299200
أرض,تجاري وسكني, حي عريض ,غربية,500,1000,500000
أرض,تجاري وسكني, حي عريض ,شمالية,2205,1150,2535750
أرض,سكني, حي المهدية ,ثلاث شوارع,450,3130,1408500
أرض,سكني, حي المهدية ,جنوبية,2000,525,1050000
أرض,سكني, الرياض ,شرقية,300,525,157500
أرض,سكني, الرياض ,جنوبية شرقية,500,525,262500
أرض,سكني, الرياض ,شرقية,1800,22500,40500000
أرض,سكني, الرياض ,شمالية,459,2500,1147500
أرض,سكني, الرياض ,جنوبية شرقية,900,950,855000
أرض,سكني, الرياض ,شمالية,770,8000,6160000
أرض,تجاري وسكني, حي القيروان ,ثلاث شوارع,880,7000,6160000
أرض,سكني, الرياض ,جنوبية,398,6000,2388000
أرض,سكني, حي عريض ,شمالية غربية,432,6000,2592000
أرض,سكني, الرياض ,جنوبية شرقية,833,1500,1249500
أرض,تجاري وسكني, حي بدر ,جنوبية,960,1700,1632000
أرض,تجاري وسكني, حي ظهرة لبن ,جنوبية,450,625,281250
أرض,تجاري وسكني, طريق النفود ,شمالية,400,625,250000
أرض,تجاري وسكني, حي المهدية ,ثلاث شوارع,450,3000,1350000
أرض,تجاري وسكني, حي عرقة ,شمالية شرقية,750,3000,2250000
أرض,تجاري وسكني, حي البرية ,شمالية,630,3000,1890000
أرض,تجاري وسكني, حي حطين ,شمالية,450,6500,2925000
أرض,تجاري وسكني, الرياض ,شمالية,360,535,192600
أرض,تجاري وسكني, حي الدار البيضاء ,جنوبية شرقية,500,1340,670000
أرض,تجاري وسكني, الرياض ,شمالية غربية,773,1829,1413817
أرض,تجاري وسكني, الرياض ,غربية,864,1829,1580256
أرض,تجاري وسكني, حي النرجس ,جنوبية,1050,1829,1920450
أرض,تجاري وسكني, حي النرجس ,جنوبية,480,4800,2304000
أرض,تجاري وسكني, الرياض ,غربية,500,4800,2400000
أرض,تجاري وسكني, حي ظهرة لبن ,جنوبية شرقية,915,2732,2499780
أرض,تجاري وسكني, الرياض ,شمالية,840,1800,1512000
أرض,سكني, حي النرجس ,شمالية,800,5000,4000000
أرض,سكني, الرياض ,شمالية,800,5000,4000000
أرض,سكني, حي ضاحية نمار ,شمالية,437,1300,568100
أرض,سكني, الرياض ,غربية,400,575,230000
أرض,سكني, الرياض ,جنوبية,782,550,430100
أرض,سكني, حي المهدية ,شمالية,450,2444,1099800
أرض,سكني, حي المهدية ,غربية,399,5850,2334150
أرض,سكني, حي المهدية ,شمالية,745,510,379950
أرض,سكني, الرياض ,شرقية,375,1600,600000
أرض,سكني, حي الرمال ,ثلاث شوارع,30000,1600,48000000
أرض,سكني, حي الرمال ,جنوبية,782,1600,1251200
أرض,سكني, الرياض ,شمالية,375,1547,580125
أرض,سكني, الرياض ,جنوبية,312,801,249912
أرض,سكني, حي الشفا ,جنوبية,375,801,300375
أرض,سكني, حي البيان ,جنوبية,1213,801,971613
أرض,سكني, حي الجنادرية ,جنوبية,3260,3000,9780000
أرض,سكني, حي النرجس ,جنوبية,875,6175,5403125
أرض,سكني, الرياض ,جنوبية,750,1300,975000
أرض,سكني, حي النرجس ,جنوبية شرقية,333,6500,2164500
أرض,سكني, الرياض ,جنوبية غربية,356,1600,569600
أرض,سكني, حي اليرموك ,شرقية,1116,1880,2098080
أرض,سكني, حي اليرموك ,شمالية,600,2416,1449600
أرض,سكني, حي اليرموك ,شرقية,375,4500,1687500
أرض,سكني, حي ضاحية نمار ,شمالية,300,4500,1350000
أرض,سكني, حي المهدية ,جنوبية,403,4500,1813500
أرض,سكني, حي المهدية ,شمالية,900,4000,3600000
أرض,سكني, الرياض ,شمالية,450,4000,1800000
أرض,سكني, حي العليا ,جنوبية,900,5000,4500000
أرض,سكني, حي غرناطة ,شرقية,700,5000,3500000
أرض,سكني, حي النخيل ,جنوبية,900,13333,11999700
أرض,سكني, حي القيروان ,جنوبية,599,6011,3600589
أرض,سكني, الرياض ,جنوبية شرقية,978,1800,1760400
أرض,سكني, الرياض ,غربية,375,1800,675000
أرض,سكني, حي ضاحية نمار ,غربية,375,1800,675000
أرض,سكني, الرياض ,شرقية,359,1800,646200
أرض,سكني, حي اليرموك ,شرقية,750,3450,2587500
أرض,سكني, الرياض ,شمالية غربية,450,3450,1552500
أرض,سكني, الرياض ,جنوبية,765,3450,2639250
أرض,سكني, الرياض ,جنوبية شرقية,490,4950,2425500
أرض,سكني, الرياض ,شمالية,375,1333,499875
أرض,سكني, الرياض ,جنوبية,805,1250,1006250
أرض,سكني, الرياض ,شرقية,375,1306,489750
أرض,سكني, الرياض ,شرقية,810,1400,1134000
أرض,سكني, حي طويق ,جنوبية,375,2255,845625
أرض,سكني, الرياض ,جنوبية شرقية,759,1450,1100550
أرض,سكني, الرياض ,شمالية غربية,2338,1450,3390100
أرض,سكني, حي نمار,شمالية,300,1450,435000
أرض,سكني, حي نمار,جنوبية,623,1450,903350
أرض,سكني, حي السعادة ,جنوبية,623,1450,903350
أرض,سكني, حي السعادة ,جنوبية غربية,719,2000,1438000
أرض,سكني, حي السعادة ,جنوبية شرقية,670,4800,3216000
أرض,سكني, حي المهدية ,جنوبية,392,1400,548800
أرض,سكني, حي القادسية ,جنوبية,392,1400,548800
أرض,سكني, الرياض ,شرقية,2520,1800,4536000
أرض,سكني, حي حطين ,غربية,525,11000,5775000
أرض,سكني, حي الرمال ,جنوبية,924,3750,3465000
أرض,سكني, حي الخير ,شرقية,4697,2880,13527360
أرض,سكني, المغرفية ,شمالية,10500,2880,30240000
أرض,سكني, حي حطين ,شمالية شرقية,1050,8572,9000600
أرض,سكني, الرياض ,شمالية شرقية,1050,8572,9000600
أرض,سكني, حي الروضة ,غربية,751,4000,3004000
أرض,سكني, حي الخير ,شرقية,375,4000,1500000
أرض,سكني, الرياض ,جنوبية,360,4000,1440000
أرض,سكني, حي العوالي ,شمالية,500,4000,2000000
أرض,سكني, الرياض ,شمالية,500,4000,2000000
أرض,سكني, الرياض ,جنوبية,383,704,269632
أرض,سكني, الرياض ,جنوبية,660,487,321420
أرض,سكني, الرياض ,جنوبية,400,1100,440000
أرض,سكني, حي المرسلات ,جنوبية,400,1100,440000
أرض,سكني, العيينة ,شمالية,630,1270,800100
أرض,سكني, العيينة ,شرقية,432,1350,583200
أرض,سكني, حي حطين ,شمالية,615,7317,4499955
أرض,سكني, حي الريان ,جنوبية شرقية,780,6000,4680000
أرض,سكني, الرياض ,غربية,750,466,349500
أرض,سكني, حي ظهرة لبن ,جنوبية,900,466,419400
أرض,سكني, حي العليا ,جنوبية شرقية,580,466,270280
أرض,سكني, حي البرية ,غربية,378,1000,378000
أرض,سكني, حي الخير ,شرقية,750,1500,1125000
أرض,سكني, حي المروة ,غربية,1210,1500,1815000
أرض,سكني, الرياض ,شرقية,750,1550,1162500
أرض,سكني, الرياض ,جنوبية,625,1000,625000
أرض,سكني, حي بدر ,شمالية,15730,1400,22022000
أرض,سكني, حي بدر ,شرقية,809,1400,1132600
أرض,سكني, حي المصفاة ,شمالية شرقية,400,900,360000
أرض,سكني, الرياض ,جنوبية,750,386,289500
أرض,سكني, الرياض ,غربية,400,587,234800
أرض,سكني, حي الضباط ,شمالية,450,3000,1350000
أرض,سكني, حي الضباط ,جنوبية شرقية,3500,7000,24500000
أرض,سكني, الرياض ,غربية,745,442,329290
أرض,سكني, حي الحزم ,جنوبية,312,442,137904
أرض,سكني, حي المهدية ,جنوبية غربية,1639,442,724438
أرض,سكني, الرياض ,غربية,375,1500,562500
أرض,سكني, حي السلام ,غربية,375,4000,1500000
أرض,سكني, حي الحائر ,شمالية شرقية,8464,4000,33856000
أرض,سكني, حي عريض ,شمالية غربية,625,4000,2500000
أرض,سكني, حي النرجس ,شمالية,435,5150,2240250
أرض,سكني, حي طويق ,شمالية,900,5150,4635000
أرض,سكني, حي المنصورية ,جنوبية غربية,9600,5150,49440000
أرض,سكني, الرياض ,جنوبية,420,1666,699720
أرض,سكني, الرياض ,غربية,750,1400,1050000
أرض,سكني, الرياض ,جنوبية,786,1017,799362
أرض,سكني, الرياض ,جنوبية,420,1017,427140
أرض,سكني, حي الروضة ,جنوبية,627,4200,2633400
أرض,سكني, حي المرسلات ,شمالية غربية,625,5500,3437500
أرض,سكني, الرياض ,شرقية,375,1550,581250
أرض,سكني, حي الرحمانية ,شمالية غربية,580,6000,3480000
أرض,سكني, حي المهدية ,شمالية,400,3000,1200000
أرض,سكني, الرياض ,ثلاث شوارع,500,2600,1300000
أرض,تجاري وسكني, حي المهدية ,جنوبية,400,3125,1250000
أرض,تجاري وسكني, حي الدار البيضاء ,شرقية,800,1300,1040000
أرض,تجاري وسكني, الرياض ,شمالية,799,1500,1198500
أرض,تجاري وسكني, الرياض ,غربية,308,5200,1601600
أرض,تجاري وسكني, الرياض ,غربية,437,5200,2272400
أرض,تجاري وسكني, حي عكاظ ,غربية,437,5200,2272400
أرض,تجاري وسكني, حي عكاظ ,شمالية غربية,2400,5200,12480000
أرض,تجاري وسكني, حي النرجس ,شمالية,351,4800,1684800
أرض,تجاري وسكني, حي نمار ,جنوبية غربية,1200,6500,7800000
أرض,تجاري وسكني, حي الرمال ,جنوبية غربية,1200,6500,7800000
أرض,تجاري وسكني, الرياض ,جنوبية,375,6500,2437500
أرض,سكني, حي النرجس ,جنوبية,450,1700,765000
أرض,سكني, حي النرجس ,شمالية,450,1700,765000
أرض,سكني, حي العارض ,شمالية,300,2555,766500
أرض,سكني, حي طويق ,شرقية,870,2555,2222850
أرض,سكني, الرياض ,جنوبية,989,2555,2526895
أرض,سكني, حي النرجس ,شمالية,450,2555,1149750
أرض,سكني, حي ظهرة لبن ,أربع شوارع,900,3000,2700000
أرض,سكني, حي ظهرة لبن ,جنوبية,2100,523,1098300
أرض,سكني, حي منفوحة ,شرقية,328,1600,524800
أرض,سكني, حي النرجس ,جنوبية,450,1600,720000
أرض,سكني, حي النرجس ,جنوبية,825,390,321750
أرض,سكني, الرياض ,شرقية,450,2666,1199700
أرض,سكني, حي الحزم ,شرقية,646,1476,953496
أرض,سكني, حي المهدية ,جنوبية,900,1476,1328400
أرض,سكني, حي المهدية ,غربية,750,1146,859500
أرض,سكني, حي الرمال ,جنوبية شرقية,1450,1146,1661700
أرض,سكني, الرياض ,جنوبية,400,1146,458400
أرض,سكني, العيينة ,شمالية,3903,2500,9757500
أرض,سكني, الرياض ,شمالية,450,611,274950
أرض,سكني, الرياض ,غربية,840,1785,1499400
أرض,سكني, حي عرقة ,ثلاث شوارع,1250,1785,2231250
أرض,سكني, حي عرقة ,شمالية شرقية,980,2100,2058000
أرض,سكني, الرياض ,جنوبية,375,2100,787500
أرض,سكني, الرياض ,جنوبية,900,670,603000
أرض,سكني, حي النرجس ,شمالية غربية,900,4500,4050000
أرض,سكني, الرياض ,جنوبية,375,4500,1687500
أرض,سكني, الرياض ,شمالية,2980,3000,8940000
أرض,سكني, حي العارض ,جنوبية,420,4100,1722000
أرض,سكني, حي الملقا ,شمالية,590,7200,4248000
أرض,سكني, حي المهدية ,جنوبية,384,7200,2764800
أرض,سكني, حي بدر ,جنوبية,1062,2050,2177100
أرض,سكني, الرياض ,جنوبية,400,1134,453600
أرض,سكني, الرياض ,جنوبية,400,1140,456000
أرض,سكني, حي المهدية ,جنوبية غربية,625,3500,2187500
أرض,سكني, حي طويق ,شمالية,450,1793,806850
أرض,سكني, القرينه ,غربية,630,1025,645750
أرض,سكني, الرياض ,شرقية,360,1375,495000
أرض,سكني, شارع سعيد بن عبدالله باقشير ,جنوبية غربية,625,4000,2500000
أرض,سكني, شارع سعيد بن عبدالله باقشير ,شرقية,465,1226,570090
أرض,سكني, الرياض ,شرقية,465,1226,570090
أرض,سكني, الرياض ,شرقية,2000,600,1200000
أرض,سكني, حي نمار ,جنوبية,472,1475,696200
أرض,سكني, الرياض ,جنوبية شرقية,382,1600,611200
أرض,سكني, حي المهدية ,جنوبية,625,4500,2812500
أرض,سكني, حي النرجس ,شرقية,450,5800,2610000
أرض,سكني, الرياض ,جنوبية شرقية,406,1650,669900
أرض,سكني, الرياض ,جنوبية,400,1650,660000
أرض,سكني, الرياض ,ثلاث شوارع,2400,1650,3960000
أرض,سكني, الرياض ,جنوبية غربية,382,1650,630300
أرض,سكني, الرياض ,ثلاث شوارع,15797,1600,25275200
أرض,سكني, حي ظهرة لبن ,جنوبية,400,3750,1500000
أرض,سكني, حي ظهرة لبن ,غربية,750,3750,2812500
أرض,سكني, الرياض ,جنوبية,367,1404,515268
أرض,سكني, الرياض ,شمالية,768,521,400128
أرض,سكني, حي البرية ,جنوبية,690,690,476100
أرض,سكني, حي عريض ,شمالية,400,690,276000
أرض,سكني, حي العوالي ,جنوبية,750,1867,1400250
أرض,سكني, الرياض ,شمالية,405,1867,756135
أرض,سكني, حي العارض ,جنوبية,390,4500,1755000
أرض,سكني, حي العارض ,جنوبية,996,2500,2490000
أرض,سكني, حي المحمدية ,أربع شوارع,3500,9000,31500000
أرض,سكني, الرياض ,غربية,375,9000,3375000
أرض,سكني, ملهم ,جنوبية غربية,625,9000,5625000
أرض,سكني, حي ظهرة لبن ,جنوبية,450,2222,999900
أرض,سكني, حي المصيف ,شرقية,329,4600,1513400
أرض,سكني, حي الياسمين ,شرقية,496,5500,2728000
أرض,سكني, حي طويق ,شرقية,496,5500,2728000
أرض,سكني, حي النهضة ,شمالية,875,3200,2800000
أرض,سكني, الرياض ,جنوبية,437,1487,649819
أرض,سكني, حي البرية ,جنوبية,437,1487,649819
أرض,سكني, الرياض ,جنوبية شرقية,1050,900,945000
أرض,سكني, حي النرجس ,جنوبية شرقية,1050,900,945000
أرض,سكني, حي العارض ,شمالية,300,3666,1099800
أرض,سكني, الرياض ,غربية,455,1868,849940
أرض,سكني, حي العليا ,شمالية غربية,728,4500,3276000
أرض,سكني, الرياض ,شمالية غربية,500,940,470000
أرض,سكني, حي الضباط ,جنوبية,570,2700,1539000
أرض,سكني, الرياض ,جنوبية,900,733,659700
أرض,سكني, حي المهدية ,غربية,450,2900,1305000
أرض,سكني, حي ضاحية نمار ,شمالية,889,1237,1099693
أرض,سكني, حي الازدهار ,جنوبية,1493,13395,19998735
أرض,سكني, حي الخير ,شرقية,375,1480,555000
أرض,سكني, حي اشبيلية ,غربية,900,5555,4999500
أرض,سكني, حي الخير ,شرقية,375,1550,581250
أرض,سكني, حي اليرموك ,غربية,900,5555,4999500
أرض,تجاري وسكني, حي اليرموك ,غربية,900,5555,4999500
أرض,سكني, حي العارض ,غربية,450,4800,2160000
أرض,سكني, حي النرجس ,شمالية,300,5550,1665000
أرض,تجاري وسكني, حي ظهرة لبن ,شرقية,930,1750,1627500
أرض,تجاري وسكني, حي ديراب ,جنوبية,750,1200,900000
أرض,تجاري وسكني, حي ظهرة لبن ,جنوبية,750,1200,900000
أرض,تجاري, حي العارض ,غربية,425,6500,2762500
أرض,سكني, حي العارض ,غربية,425,4900,2082500
أرض,سكني, حي العارض ,شرقية,900,4000,3600000
أرض,سكني, الرياض ,شمالية شرقية,667,4000,2668000
أرض,سكني, الرياض ,شمالية,667,1300,867100
أرض,سكني, حي الصحافة ,جنوبية,525,1300,682500
أرض,سكني, حي العارض ,جنوبية,686,5000,3430000
أرض,سكني, الرياض ,شمالية,379,1490,564710
أرض,سكني, الرياض ,شرقية,375,1750,656250
أرض,سكني, حي الخير ,شرقية,375,1570,588750
أرض,سكني, حي الغدير ,جنوبية غربية,1517,6700,10163900
أرض,سكني, حي نمار,شرقية,375,6700,2512500
أرض,سكني, الرياض ,غربية,750,466,349500
أرض,تجاري وسكني, حي ظهرة لبن ,غربية,400,2250,900000
أرض,سكني, الرياض ,غربية,900,667,600300
أرض,سكني, الرياض ,جنوبية شرقية,1168,600,700800
أرض,سكني, الرياض ,جنوبية,325,2700,877500
أرض,سكني, الرياض ,غربية,750,1170,877500
أرض,سكني, حي المهدية ,غربية,750,1170,877500
أرض,سكني, حي الرحمانية ,جنوبية شرقية,875,6700,5862500
أرض,تجاري, حي القادسية ,شرقية,2512,2900,7284800
أرض,تجاري, حي الرمال ,جنوبية غربية,4060,3000,12180000
أرض,تجاري, الرياض ,جنوبية,900,800,720000
أرض,تجاري, حي الخير ,غربية,744,800,595200
أرض,تجاري, حي المهدية ,غربية,450,2700,1215000
أرض,تجاري, الرياض ,شمالية,375,1333,499875
أرض,سكني, الرياض ,جنوبية,750,2666,1999500
أرض,سكني, حي النهضة ,جنوبية,750,3200,2400000
أرض,سكني, الرياض ,شرقية,375,1450,543750
أرض,سكني, حي الحمراء ,شرقية,375,1450,543750
أرض,سكني, حي المنصورة ,جنوبية شرقية,1200,1450,1740000
أرض,سكني, حي المهدية ,شرقية,524,1450,759800
أرض,سكني, حي الخليج ,شمالية غربية,750,3600,2700000
أرض,سكني, الرياض ,شمالية,750,1133,849750
أرض,سكني, حي الخير ,شمالية,975,1133,1104675
أرض,سكني, حي الخليج ,غربية,750,3500,2625000
أرض,سكني, الرياض ,غربية,450,1500,675000
أرض,سكني, الرياض ,شرقية,375,1430,536250
أرض,سكني, حي الخير ,غربية,744,1430,1063920
أرض,سكني, الرياض ,شمالية غربية,1627,1450,2359150
أرض,سكني, حي عريض ,شمالية,900,1450,1305000
أرض,سكني, الرياض ,شرقية,375,1413,529875
أرض,سكني, حي الزاهر ,غربية,2000,1413,2826000
أرض,سكني, ضاحية نمار ,غربية,375,1333,499875
أرض,سكني, حي العارض ,شمالية,458,3900,1786200
أرض,سكني, الرياض ,جنوبية غربية,15233,350,5331550
أرض,سكني, حي الحزم ,جنوبية غربية,15233,350,5331550
أرض,سكني, حي ضاحية نمار ,جنوبية غربية,15233,350,5331550
أرض,سكني, ضرما ,جنوبية شرقية,1157,691,799487
أرض,تجاري وسكني, حي المهدية ,شمالية,400,2800,1120000
أرض,سكني, حي المهدية ,شمالية,2570,850,2184500
أرض,سكني, حي المهدية ,جنوبية,320,2875,920000
أرض,سكني, حي المحمدية ,جنوبية,405,9000,3645000
أرض,سكني, الرياض ,شمالية,400,700,280000
أرض,سكني, الرياض ,جنوبية شرقية,900,750,675000
أرض,سكني, الرياض ,جنوبية,750,1200,900000
أرض,سكني, حي الربيع ,غربية,375,6700,2512500
أرض,سكني, العيينة ,شمالية,630,2500,1575000
أرض,تجاري وسكني, حي العوالي ,جنوبية,900,2700,2430000
أرض,تجاري, حي النرجس ,شمالية غربية,732,8100,5929200
أرض,سكني, حي الهدا ,جنوبية شرقية,3890,5000,19450000
أرض,سكني, شارع العين ,جنوبية غربية,900,3333,2999700
أرض,تجاري وسكني, حي ظهرة لبن ,غربية,900,4000,3600000
أرض,سكني, حي عريض ,شمالية غربية,900,1450,1305000
أرض,سكني, حي النظيم ,شمالية,375,1550,581250
أرض,سكني, حي النظيم ,شمالية شرقية,918,708,649944
أرض,سكني, حي النظيم ,شمالية,750,1300,975000
أرض,سكني, حي النظيم ,جنوبية شرقية,750,2000,1500000
أرض,سكني, حي النظيم ,شرقية,750,1450,1087500
أرض,سكني, الرياض ,شمالية غربية,947,687,650589
أرض,سكني, الرياض ,غربية,550,1818,999900
أرض,سكني, الرياض ,شمالية,765,372,284580
أرض,سكني, الرياض ,غربية,900,611,549900
أرض,سكني, حي الملز ,غربية,900,611,549900
أرض,تجاري وسكني, حي المناخ ,شمالية شرقية,2927,1500,4390500
أرض,سكني, الرياض ,جنوبية,624,6000,3744000
أرض,سكني, حي ضاحية نمار ,جنوبية,624,6000,3744000
أرض,سكني, حي مطار الملك خالد الدولي ,شمالية غربية,411,4000,1644000
أرض,سكني, الرياض ,شرقية,450,711,319950
أرض,سكني, حي ضاحية نمار ,شمالية,720,958,689760
أرض,سكني, حي المهدية ,غربية,537,2500,1342500
أرض,سكني, حي الرمال ,جنوبية,390,3100,1209000
أرض,سكني, حي ظهرة لبن ,شمالية,400,2750,1100000
أرض,سكني, حي ضاحية نمار ,شرقية,1062,1000,1062000
أرض,سكني, حي الرمال ,شمالية,7500,1400,10500000
أرض,تجاري, حي الخليج ,شرقية,1500,3200,4800000
أرض,تجاري, حي النرجس ,شمالية,360,4700,1692000
أرض,تجاري, الرياض ,جنوبية,780,1150,897000
أرض,سكني, الرياض ,غربية,921,3000,2763000
أرض,سكني, حي النرجس ,غربية,921,3000,2763000
أرض,سكني, حي بدر ,جنوبية غربية,527,1300,685100
أرض,سكني, حي بدر ,غربية,300,5000,1500000
أرض,سكني, الرياض ,شرقية,438,1484,649992
أرض,سكني, الرياض ,جنوبية,750,667,500250
أرض,سكني, حي اليرموك ,غربية,300,3700,1110000
أرض,تجاري, حي المنار ,غربية,2530,3800,9614000
أرض,تجاري, حي النرجس ,غربية,1076,12082,13000232
أرض,تجاري, حي النرجس ,شمالية شرقية,452,1438,649976
أرض,تجاري, حي طويق ,شمالية,870,2000,1740000
أرض,سكني, حي الربوة ,شرقية,434,4000,1736000
أرض,سكني, الرياض ,شمالية,455,747,339885
أرض,سكني, الرياض ,جنوبية شرقية,2000,550,1100000
أرض,تجاري, حي القادسية ,غربية,2400,1700,4080000
أرض,تجاري, حي القادسية ,شمالية,1246,2000,2492000
أرض,سكني, حي الملقا ,شمالية شرقية,940,8300,7802000
أرض,سكني, حي الربوة ,جنوبية شرقية,2500,5000,12500000
أرض,سكني, حي المعيزلة ,جنوبية شرقية,2500,5000,12500000
أرض,سكني, حي المصفاة ,شرقية,1600,1000,1600000
أرض,سكني, حي الرمال ,شرقية,1647,2900,4776300
أرض,سكني, حي الرمال ,جنوبية,3002,2800,8405600
أرض,سكني, حي الحمراء ,جنوبية شرقية,2080,8000,16640000
أرض,سكني, حي المونسية ,جنوبية شرقية,2080,8000,16640000
أرض,سكني, حي العقيق ,غربية,625,8000,5000000
أرض,سكني, الرياض ,شمالية,2000,700,1400000
أرض,تجاري وسكني, حي النرجس ,أربع شوارع,3900,6154,24000600
أرض,تجاري, حي المهدية ,شمالية,800,2625,2100000
أرض,تجاري, حي القادسية ,جنوبية,2400,5625,13500000
أرض,سكني, حي المعيزلة ,جنوبية شرقية,704,2500,1760000
أرض,سكني, حي الملك فهد ,ثلاث شوارع,900,4666,4199400
أرض,تجاري وسكني, حي المهدية ,شمالية,800,2625,2100000
أرض,سكني, حي النرجس ,شرقية,375,6500,2437500
أرض,سكني, حي النرجس ,شمالية,745,469,349405
أرض,سكني, حي النرجس ,شمالية شرقية,450,6100,2745000
أرض,سكني, الرياض ,جنوبية غربية,960,1145,1099200
أرض,سكني, الرياض ,شمالية,675,993,670275
أرض,تجاري وسكني, حي الضباط ,ثلاث شوارع,3000,5200,15600000
أرض,سكني, حي المهدية ,شمالية,300,3334,1000200
أرض,سكني, حي المهدية ,جنوبية,1258,2500,3145000
أرض,سكني, حي العوالي ,شرقية,900,2400,2160000
أرض,سكني, حي العوالي ,غربية,904,2400,2169600
أرض,سكني, حي الاندلس ,جنوبية,501,3500,1753500
أرض,سكني, حي النرجس ,جنوبية,550,5500,3025000
أرض,سكني, حي اشبيلية ,شمالية,1050,3400,3570000
أرض,سكني, حي المونسية ,جنوبية غربية,484,4150,2008600
أرض,سكني, الرياض ,غربية,400,625,250000
أرض,سكني, حي طويق ,جنوبية شرقية,1050,1750,1837500
أرض,تجاري وسكني, حي المهدية ,جنوبية,1650,4500,7425000
أرض,تجاري وسكني, حي لبن ,جنوبية شرقية,400,5000,2000000
أرض,تجاري وسكني, حي الرمال ,جنوبية شرقية,400,5000,2000000
أرض,سكني, الرياض ,شمالية,375,2700,1012500
أرض,تجاري, حي العقيق ,ثلاث شوارع,1650,17500,28875000
أرض,سكني, حي العارض ,جنوبية شرقية,458,4900,2244200
أرض,سكني, حي الملك فيصل ,جنوبية شرقية,900,4400,3960000
أرض,تجاري, حي الصحافة ,شمالية غربية,810,18500,14985000
أرض,سكني, حي العارض ,جنوبية,476,5000,2380000
أرض,تجاري وسكني, حي ظهرة لبن ,شرقية,900,4000,3600000
أرض,تجاري وسكني, حي المونسية ,شرقية,750,4300,3225000
أرض,تجاري وسكني, حي المونسية ,ثلاث شوارع,11800,338,3988400
أرض,تجاري وسكني, حي العقيق ,جنوبية,575,6260,3599500
أرض,تجاري وسكني, حي العقيق ,شمالية,375,1253,469875
أرض,سكني, الرياض ,شمالية,2520,950,2394000
أرض,سكني, الرياض ,شرقية,420,607,254940
أرض,سكني, حي الربيع ,جنوبية,600,6400,3840000
أرض,سكني, حي الملقا ,شمالية,412,6250,2575000
أرض,سكني, حي حطين ,جنوبية شرقية,1400,6720,9408000
أرض,سكني, حي النرجس ,شمالية,900,5100,4590000
أرض,سكني, حي قرطبة ,جنوبية,571,4850,2769350
أرض,سكني, حي المروج ,شمالية شرقية,1144,6119,7000136
أرض,سكني, حي الزاهر ,شمالية شرقية,900,666,599400
أرض,سكني, حي الزاهر ,غربية,918,816,749088
أرض,سكني, حي النرجس ,شمالية,900,5200,4680000
أرض,سكني, حي البيان ,غربية,576,1780,1025280
أرض,سكني, حي البيان ,أربع شوارع,510,900,459000
أرض,سكني, حي البيان ,شمالية,57000,90,5130000
أرض,تجاري, حي اشبيلية ,غربية,930,10000,9300000
أرض,تجاري, حي جرير ,جنوبية,312,3200,998400
أرض,تجاري وسكني, حي ظهرة لبن ,جنوبية,750,2600,1950000
أرض,تجاري وسكني, حي ظهرة لبن ,جنوبية,934,963,899442
أرض,سكني, الرياض ,ثلاث شوارع,432,1158,500256
أرض,سكني, حي الجنادرية ,غربية,625,2400,1500000
أرض,سكني, حي الجنادرية ,جنوبية,375,1600,600000
أرض,تجاري, حي قرطبة ,جنوبية,2112,6500,13728000
أرض,سكني, حي قرطبة ,جنوبية غربية,455,1758,799890
أرض,تجاري وسكني, حي السلي ,جنوبية,2400,2500,6000000
أرض,تجاري وسكني, حي سلطانة ,جنوبية,2400,2500,6000000
أرض,سكني, حي الرمال ,غربية,457,2400,1096800
أرض,سكني, حي النرجس ,شمالية,360,6500,2340000
أرض,تجاري وسكني, حي الروضة ,ثلاث شوارع,1050,7500,7875000
أرض,سكني, حي الرمال ,جنوبية,610,2213,1349930
أرض,تجاري وسكني, حي ظهرة لبن ,شمالية غربية,900,2100,1890000
أرض,تجاري وسكني, حي الرمال ,شمالية,1250,3500,4375000
أرض,تجاري وسكني, حي السعادة ,غربية,305,2500,762500
أرض,تجاري, حي العوالي ,شمالية شرقية,900,2222,1999800
أرض,سكني, حي الخليج ,شرقية,700,3300,2310000
أرض,سكني, حي الفاروق ,شمالية,640,3000,1920000
أرض,سكني, حي المروة ,أربع شوارع,2750,1500,4125000
أرض,سكني, حي النرجس ,جنوبية,1200,5000,6000000
أرض,سكني, حي النرجس ,جنوبية,450,588,264600
أرض,تجاري وسكني, الرياض ,جنوبية شرقية,508,800,406400
أرض,تجاري وسكني, الرياض ,شمالية شرقية,752,1595,1199440
أرض,تجاري وسكني, الرياض ,شرقية,375,1450,543750
أرض,تجاري وسكني, حي السليمانية ,أربع شوارع,10000,7000,70000000
أرض,سكني, حي الحزم ,غربية,720,2200,1584000
أرض,تجاري, الرياض ,جنوبية,3900,6500,25350000
أرض,سكني, الرياض ,جنوبية,3541,2300,8144300
أرض,سكني, حي الحزم ,جنوبية,400,2250,900000
أرض,تجاري وسكني, حي عكاظ ,أربع شوارع,7936,1450,11507200
أرض,سكني, حي عكاظ ,جنوبية,756,376,284256
أرض,سكني, حي ضاحية نمار ,غربية,444,1126,499944
أرض,سكني, حي الملقا ,شمالية شرقية,1000,10000,10000000
أرض,سكني, شارع عبدالله بن العاص ,شمالية,448,4600,2060800
أرض,تجاري, حي النسيم الغربي ,غربية,7400,3500,25900000
أرض,سكني, حي الندى ,شرقية,750,6500,4875000
أرض,تجاري, حي العارض ,جنوبية غربية,900,5500,4950000
أرض,سكني, حي ظهرة لبن ,غربية,900,2200,1980000
أرض,سكني, حي الرمال ,شمالية,402,2700,1085400
أرض,سكني, الرياض ,شرقية,2450,2400,5880000
أرض,سكني, الرياض ,شرقية,759,700,531300
أرض,سكني, الرياض ,غربية,1900,1650,3135000
أرض,سكني, الرياض ,شمالية,432,1504,649728
أرض,سكني, حي قرطبة ,شمالية,1375,4900,6737500
أرض,سكني, ضرما ,شمالية,2000,235,470000
أرض,سكني, الرياض ,غربية,375,1400,525000
أرض,سكني, الرياض ,جنوبية,900,888,799200
أرض,سكني, حي عريض ,غربية,450,800,360000
أرض,تجاري وسكني, حي ظهرة لبن ,جنوبية,824,2100,1730400
أرض,تجاري, الرياض ,شرقية,6000,1000,6000000
أرض,تجاري, الرياض ,شرقية,375,1500,562500
أرض,سكني, الرياض ,شمالية,1080,648,699840
أرض,سكني, حي بنبان ,جنوبية,750,3500,2625000
أرض,تجاري وسكني, حي الروضة ,شرقية,600,4000,2400000
أرض,تجاري وسكني, حي البيان ,غربية,1900,2300,4370000
أرض,تجاري وسكني, حي البيان ,شمالية,930,806,749580
أرض,سكني, حي البيان ,غربية,5300,2500,13250000
أرض,سكني, حي البديعة ,جنوبية شرقية,626,1837,1149962
أرض,سكني, حي الخليج ,جنوبية,750,3300,2475000
أرض,تجاري, حي اشبيلية ,جنوبية شرقية,1400,6000,8400000
أرض,تجاري وسكني, حي اشبيلية ,شمالية غربية,891,6000,5346000
أرض,سكني, حي عريض ,شرقية,405,986,399330
أرض,تجاري وسكني, حي ضاحية نمار ,شرقية,432,1157,499824
أرض,سكني, حي الربوة ,ثلاث شوارع,2508,3500,8778000
أرض,سكني, حي الخير ,شمالية,750,1280,960000
أرض,سكني, حي الخير ,شمالية,625,2150,1343750
أرض,سكني, حي الهدا ,جنوبية,3241,5000,16205000
أرض,سكني, الرياض ,جنوبية,3241,5000,16205000
أرض,سكني, حي الروضة ,غربية,1000,3500,3500000
أرض,سكني, حي العارض ,شمالية غربية,496,5200,2579200
أرض,سكني, حي لبن ,شمالية شرقية,1050,4500,4725000
أرض,سكني, الرياض ,جنوبية,900,750,675000
أرض,سكني, الرياض ,جنوبية,375,850,318750
أرض,سكني, حي العزيزية ,شمالية شرقية,2790,2000,5580000
أرض,سكني, حي الدار البيضاء ,جنوبية شرقية,625,1500,937500
أرض,سكني, حي الدار البيضاء ,شرقية,650,1538,999700
أرض,سكني, حي ظهرة لبن ,شمالية,2400,3500,8400000
أرض,تجاري, حي المروج ,شرقية,1000,8000,8000000
أرض,تجاري, حي القادسية ,ثلاث شوارع,1608,3400,5467200
أرض,تجاري وسكني, حي الرمال ,ثلاث شوارع,8100,2550,20655000
أرض,تجاري, حي الرمال ,جنوبية غربية,2250,1500,3375000
أرض,سكني, حي الجنادرية ,شرقية,375,2300,862500
أرض,سكني, حي طويق ,غربية,400,2250,900000
أرض,تجاري, حي اليرموك ,ثلاث شوارع,2880,4500,12960000
أرض,سكني, حي عريض ,شرقية,450,956,430200
أرض,سكني, حي العارض ,ثلاث شوارع,5450,4600,25070000
أرض,سكني, حي الزاهر ,شمالية,936,801,749736
أرض,سكني, حي المصفاة ,شرقية,600,555,333000
أرض,سكني, الرياض ,جنوبية,750,1100,825000
أرض,سكني, حي الشرق ,شمالية,1850,500,925000
أرض,سكني, حي الشرق ,غربية,1561,1300,2029300
أرض,سكني, حي المهدية ,شمالية,456,3400,1550400
أرض,تجاري, حي المهدية ,جنوبية,900,7600,6840000
أرض,سكني, حي المهدية ,غربية,96755,1000,96755000
أرض,سكني, حي الخير ,جنوبية,840,1800,1512000
أرض,سكني, حي ضاحية نمار ,شمالية,880,1380,1214400
أرض,سكني, حي البيان ,غربية,810,2600,2106000
أرض,تجاري وسكني, حي المهدية ,شمالية شرقية,900,3334,3000600
أرض,سكني, حي المهدية ,جنوبية غربية,675,4296,2899800
أرض,سكني, القرينه ,جنوبية غربية,630,1000,630000
أرض,تجاري وسكني, الرياض ,جنوبية,900,720,648000
أرض,تجاري وسكني, ملهم ,غربية,630,1270,800100
أرض,تجاري وسكني, الرياض ,غربية,630,1270,800100
أرض,تجاري وسكني, الرياض ,شرقية,750,1500,1125000
أرض,تجاري وسكني, الرياض ,شمالية,500,4300,2150000
أرض,سكني, حي عريض ,ثلاث شوارع,400,1125,450000
أرض,سكني, حي الملقا ,غربية,636,7000,4452000
أرض,سكني, حي بنبان ,جنوبية شرقية,10000,1000,10000000
أرض,سكني, ملهم ,جنوبية شرقية,10000,1000,10000000
أرض,سكني, حي الحمراء ,شمالية,1125,5000,5625000
أرض,تجاري وسكني, حي الشفا ,جنوبية غربية,971,2059,1999289
أرض,تجاري وسكني, حي النظيم ,جنوبية شرقية,2500,2000,5000000
أرض,تجاري وسكني, حي الرمال ,جنوبية,457,2100,959700
أرض,تجاري وسكني, حي الدفاع ,جنوبية,457,2100,959700
أرض,تجاري وسكني, حي الدفاع ,شمالية,1173,511,599403
أرض,تجاري, الرياض ,جنوبية,2000,3500,7000000
أرض,سكني, حي العريجاء الغربية ,جنوبية,400,1500,600000
أرض,تجاري وسكني, حي ظهرة لبن ,جنوبية غربية,1050,2380,2499000
أرض,تجاري وسكني, حي العريجاء الغربي ,غربية,313,2000,626000
أرض,سكني, حي العريجاء الغربي ,جنوبية,472,1695,800040
