نوع العقار,المدينة,الحي,الواجهة,عدد الغرف,عدد الصالات,عدد الحمامات,عرض الشارع,المساحة,درج صالة,مطبخ,غرفة خادمة,غرفة سائق,ملحق,حوش,مسبح,قبو,مدخل سيارة,مصعد,السعر الاجمالي
فيلا, الرياض , حي العارض ,جنوبية,6,3,5+,لا يوجد,244.0,1,1,1,1,0,1,0,0,1,1,2300000
فيلا, الرياض , حي العارض ,جنوبية,6,4,5+,لا يوجد,322.0,1,1,1,1,1,1,0,0,1,1,3000000
فيلا, الرياض , حي العارض ,جنوبية,3,2,5+,لا يوجد,350.0,1,0,1,0,1,0,0,1,1,1,2600000
فيلا, الرياض , حي النرجس ,جنوبية,4,4,4,لا يوجد,350.0,1,1,1,0,0,1,0,1,1,1,2600000
فيلا, الرياض , حي العارض ,غربية,4,1,5+,لا يوجد,270.0,1,1,1,1,0,0,0,0,1,0,2800000
فيلا, الرياض , حي النرجس ,شمالية,7+,4,5+,لا يوجد,360.0,1,1,1,1,1,1,0,0,1,0,3500000
فيلا, الرياض , حي الملقا ,شرقية,3,3,3,لا يوجد,437.0,0,1,1,1,0,0,0,0,1,0,4500000
فيلا, الرياض , حي الملقا ,شمالية,5,1,5+,لا يوجد,252.0,1,1,1,1,0,0,0,0,1,1,2800000
فيلا, الرياض , حي النخيل ,شمالية غربية,6,3,5+,لا يوجد,1200.0,1,1,1,1,1,1,1,1,1,1,17000000
فيلا, الرياض , حي الملقا ,شرقية,4,3,5+,لا يوجد,270.0,1,1,1,1,0,1,0,0,1,1,3600000
فيلا, الرياض , حي الملقا ,شرقية,6,1,5+,لا يوجد,250.0,1,1,1,0,1,1,1,1,1,1,2500000
فيلا, الرياض , حي الملقا ,جنوبية,6,3,5+,لا يوجد,600.0,1,1,1,1,1,1,1,0,1,1,8500000
فيلا, الرياض , حي النرجس ,شمالية,7+,3,5+,لا يوجد,225.0,1,0,1,0,0,1,0,0,1,1,3000000
فيلا, الرياض , حي النرجس ,شمالية,7+,3,5+,لا يوجد,225.0,1,0,0,0,0,0,0,0,1,1,3000000
فيلا, الرياض , حي الملقا ,شرقية,5,3,5+,لا يوجد,437.0,1,1,1,1,1,1,0,0,1,1,8500000
فيلا, الرياض , حي النرجس ,جنوبية,5,1,4,لا يوجد,276.0,1,1,1,1,1,1,0,0,1,0,2450000
فيلا, الرياض , حي التعاون ,غربية,7+,3,5+,لا يوجد,359.0,1,1,1,1,1,1,0,0,1,1,3600000
فيلا, الرياض , حي الوادي ,غربية,5,3,4,لا يوجد,375.0,1,1,1,1,0,1,0,0,1,0,2200000
فيلا, الرياض , حي الملقا ,شرقية,5,2,5+,لا يوجد,430.0,1,1,1,1,0,1,0,0,1,1,6000000
فيلا, امارة منطقة الرياض, الرياض ,شمالية,5,3,5+,لا يوجد,280.0,1,1,1,1,0,1,0,0,1,1,2650000
فيلا, امارة منطقة الرياض, الرياض ,جنوبية,4,3,5+,15.0,274.0,1,1,1,1,0,1,1,0,1,1,2600000
فيلا, الرياض , حي النخيل ,جنوبية,6,2,5+,لا يوجد,750.0,1,1,1,1,1,1,1,0,1,0,8000000
فيلا, الرياض , حي العارض ,شمالية,6,3,5+,لا يوجد,500.0,1,1,1,1,1,1,1,0,1,1,5550000
فيلا, الرياض , حي النرجس ,شمالية,5,1,5+,لا يوجد,228.0,1,1,1,0,0,1,0,0,1,0,2550000
فيلا, الرياض , حي الملقا ,شمالية غربية,7+,3,5+,لا يوجد,1200.0,1,1,1,1,1,1,1,0,1,1,18000000
فيلا, الرياض , حي الملقا ,شمالية غربية,5,3,5+,لا يوجد,400.0,1,1,1,1,1,1,1,0,1,1,4900000
فيلا, الرياض , حي جامعة الملك سعود ,شمالية غربية,4,3,5+,لا يوجد,400.0,1,1,1,1,0,1,1,0,1,1,5500000
فيلا, الرياض , حي الملقا ,شرقية,5,4,5+,لا يوجد,500.0,1,1,1,1,1,1,1,0,1,1,7500000
فيلا, الرياض , حي العارض ,شمالية,4,3,5+,لا يوجد,300.0,1,1,1,1,0,0,0,0,1,1,2300000
فيلا, الرياض , حي الربيع ,شرقية,7+,4,5+,لا يوجد,625.0,0,0,0,0,0,0,0,0,0,0,4375000
فيلا, الرياض , حي الملقا ,شمالية غربية,5,4,5+,لا يوجد,620.0,1,1,1,1,1,1,1,0,1,1,10000000
فيلا, الرياض , حي الملقا ,غربية,7+,3,5+,لا يوجد,800.0,1,1,1,1,1,1,1,0,1,0,10000000
فيلا, الرياض , حي الملقا ,شرقية,4,3,5+,لا يوجد,500.0,1,1,1,1,1,1,0,0,1,1,6800000
فيلا, الرياض , حي العارض ,غربية,6,2,5+,لا يوجد,900.0,1,0,1,1,0,1,0,0,1,0,8000000
فيلا, الرياض , حي النرجس ,شمالية,5,2,5+,لا يوجد,312.0,1,0,1,1,0,1,0,0,1,1,2750000
فيلا, الدرعية, العيينة ,غربية,5,1,4,لا يوجد,250.0,1,1,1,0,0,1,0,0,1,0,1280000
فيلا, الرياض , حي العقيق ,شمالية,5,2,5+,لا يوجد,375.0,1,1,1,1,1,1,1,0,1,1,4500000
فيلا, الدرعية, العيينة ,جنوبية,4,1,5+,لا يوجد,280.0,0,1,0,0,1,0,0,0,0,0,1270000
فيلا, الرياض , حي الملقا ,شرقية,5,5,5+,لا يوجد,430.0,1,1,1,1,0,1,0,0,0,1,6000000
فيلا, الرياض , حي الملقا ,شمالية,5,2,5+,لا يوجد,287.0,1,1,1,1,0,1,0,0,1,1,3600000
فيلا, الرياض , حي الملقا ,جنوبية,5,2,5+,لا يوجد,253.0,1,1,1,1,0,1,0,0,1,1,3400000
فيلا, الرياض , حي الملقا ,شرقية,7+,4,5+,لا يوجد,1750.0,1,0,1,1,1,1,0,0,1,1,22500000
فيلا, الرياض , حي الياسمين ,شمالية,4,2,5+,لا يوجد,420.0,1,0,1,1,0,1,0,0,1,0,3100000
فيلا, الرياض , حي النرجس ,شمالية,4,2,5+,لا يوجد,240.0,1,1,1,1,0,0,0,0,1,1,2750000
فيلا, الرياض , حي النخيل ,شرقية,4,3,5+,لا يوجد,260.0,1,0,1,1,1,1,1,0,1,1,3500000
فيلا, الرياض , حي العارض ,شمالية شرقية,4,3,5+,لا يوجد,221.0,1,1,1,0,1,0,0,0,1,1,2200000
فيلا, الرياض , حي العارض ,شمالية,4,3,5+,لا يوجد,204.0,1,1,1,0,1,0,0,0,1,1,2000000
فيلا, الرياض , حي الوادي ,غربية,5,4,5+,لا يوجد,375.0,1,1,1,1,1,1,0,0,1,0,2200000
فيلا, الرياض , حي العارض ,شمالية,6,2,4,لا يوجد,400.0,1,1,1,0,0,1,0,0,1,0,3800000
فيلا, الرياض , حي النرجس ,جنوبية شرقية,4,2,5+,لا يوجد,315.0,1,1,0,0,0,0,0,0,0,0,2900000
فيلا, الرياض , حي الياسمين ,شمالية,5,4,5+,لا يوجد,660.0,1,1,1,1,1,1,0,0,1,0,8000000
فيلا, الرياض , حي الملقا ,شرقية,5,3,5+,لا يوجد,525.0,1,1,1,1,0,1,1,1,1,1,9000000
فيلا, الرياض , حي النرجس ,جنوبية,5,3,5+,لا يوجد,300.0,1,1,1,1,0,0,1,0,0,1,2950000
فيلا, الرياض , حي العليا ,شرقية,5,3,5+,لا يوجد,260.0,1,0,1,0,1,1,0,0,1,1,2800000
فيلا, الرياض , حي النزهة ,شمالية شرقية,7+,2,5+,لا يوجد,1050.0,1,1,1,1,1,1,0,1,1,1,7800000
فيلا, الرياض , حي الملقا ,شرقية,6,2,5+,لا يوجد,480.0,1,1,1,1,1,1,0,0,1,1,5500000
فيلا, الرياض , حي العارض ,جنوبية,5,2,5+,لا يوجد,360.0,1,1,1,1,1,1,0,0,1,1,2850000
فيلا, الرياض , حي العارض ,شمالية,7+,5,5+,لا يوجد,630.0,0,1,1,0,1,1,0,0,1,0,6050000
فيلا, الرياض , حي التعاون ,غربية,4,7+,5+,20.0,420.0,1,1,1,1,0,1,0,0,1,1,5000000
فيلا, الرياض , حي التعاون ,شمالية,7+,2,5+,18.0,300.0,1,1,1,1,0,0,0,0,1,1,2850000
فيلا, الرياض , حي العارض ,شمالية شرقية,7+,3,5+,لا يوجد,221.0,1,0,1,1,0,1,0,0,1,1,2200000
فيلا, الرياض , حي العارض ,شمالية,7+,3,5+,لا يوجد,300.0,1,0,1,1,0,1,0,0,1,1,2300000
فيلا, الرياض , حي العارض ,شمالية,6,3,5+,لا يوجد,204.0,1,0,1,0,0,1,0,0,1,1,2000000
فيلا, الرياض , حي النزهة ,ثلاث شوارع,7+,4,5+,لا يوجد,2450.0,1,1,1,1,1,1,1,1,1,0,18000000
فيلا, الدرعية, العيينة ,غربية,7+,2,5+,لا يوجد,480.0,0,1,0,0,0,1,0,0,0,0,2300000
فيلا, الرياض , حي العارض ,شرقية,5,2,5+,لا يوجد,510.0,1,1,1,1,1,1,1,0,1,1,4000000
فيلا, امارة منطقة الرياض, الرياض ,شمالية,5,3,5+,لا يوجد,280.0,1,1,1,1,0,1,0,0,1,0,2600000
فيلا, الرياض , حي العارض ,غربية,4,2,5+,لا يوجد,200.0,1,0,1,0,0,1,0,0,1,1,2100000
فيلا, الرياض , حي العارض ,شمالية,7+,3,5+,لا يوجد,399.0,0,1,1,1,1,1,0,0,1,0,3500000
فيلا, الرياض , حي الياسمين ,جنوبية,5,1,2,لا يوجد,375.0,1,0,1,1,0,0,0,0,0,0,4600000
فيلا, الرياض , حي النرجس ,شرقية,6,2,5+,لا يوجد,450.0,1,1,1,0,1,1,1,0,1,1,2870000
فيلا, الرياض , حي القيروان ,شرقية,4,4,5+,لا يوجد,300.0,1,1,1,1,0,1,0,0,1,1,3600000
فيلا, الرياض , حي القيروان ,جنوبية,5,3,5+,5.0,275.0,1,1,1,1,1,1,0,0,1,1,3600000
فيلا, الرياض , حي النرجس ,شمالية,5,2,5+,15.0,330.0,0,1,1,1,0,0,0,0,1,0,3300000
فيلا, الرياض , حي النفل ,شرقية,7+,4,5+,لا يوجد,750.0,0,0,0,0,0,0,0,0,0,1,9500000
فيلا, الرياض , حي النفل ,جنوبية,7+,2,5+,لا يوجد,360.0,1,0,0,0,1,1,0,0,1,1,2850000
فيلا, الرياض , حي النرجس ,غربية,5,3,5+,لا يوجد,225.0,1,1,1,1,0,0,0,0,1,1,2650000
فيلا, الرياض , حي الربيع ,شرقية,5,2,5+,لا يوجد,510.0,1,1,1,0,0,1,0,0,1,0,4000000
فيلا, امارة منطقة الرياض, الرياض ,شمالية,4,3,5+,لا يوجد,270.0,1,1,1,0,1,1,0,0,1,0,2450000
فيلا, الرياض , حي النرجس ,جنوبية,7+,2,5+,لا يوجد,425.0,0,0,1,0,0,1,0,0,1,0,3000000
فيلا, الرياض , حي العارض ,غربية,4,2,5+,لا يوجد,200.0,1,0,0,1,0,0,0,0,1,0,2000000
فيلا, الرياض , حي الوادي ,شرقية,7+,2,5+,لا يوجد,750.0,0,1,1,1,1,1,0,0,1,0,5500000
فيلا, امارة منطقة الرياض, الرياض ,شرقية,4,3,5+,لا يوجد,460.0,1,1,1,1,0,1,0,1,1,1,4394000
فيلا, الرياض , حي النرجس ,غربية,5,3,5+,لا يوجد,390.0,1,1,1,1,0,1,1,1,1,0,3800000
فيلا, الدرعية, العيينة ,غربية,7+,2,5+,لا يوجد,256.0,1,1,1,0,0,1,0,0,1,1,1500000
فيلا, الرياض , حي الربيع ,شرقية,7+,3,5+,لا يوجد,325.0,1,1,1,1,0,1,0,0,1,0,3200000
فيلا, الرياض , حي العليا ,جنوبية,6,5,5+,لا يوجد,1344.0,1,1,1,1,1,1,0,1,1,0,7500000
فيلا, الرياض , حي العليا ,شمالية غربية,7+,3,5+,لا يوجد,900.0,1,1,1,1,1,1,0,0,1,0,6000000
فيلا, الرياض , حي الياسمين ,جنوبية,5,2,5+,لا يوجد,600.0,1,1,1,1,1,0,0,0,1,1,6500000
فيلا, الرياض , حي النزهة ,شمالية,5,2,5+,لا يوجد,313.0,1,1,1,1,0,1,0,0,0,0,2700000
فيلا, الرياض , حي النزهة ,شمالية,5,4,5+,لا يوجد,336.0,1,1,1,1,0,1,0,0,1,0,3500000
فيلا, الرياض , حي العقيق ,شرقية,4,2,4,لا يوجد,400.0,1,1,1,1,1,1,0,1,1,0,3800000
فيلا, الرياض , حي الفلاح ,جنوبية,5,4,5+,15.0,400.0,1,1,1,1,1,0,0,0,1,0,4000000
فيلا, حريملاء, القرينه ,شمالية شرقية,7+,1,4,لا يوجد,690.0,0,1,1,1,1,1,0,0,1,0,1600000
فيلا, الرياض , حي الياسمين ,جنوبية غربية,5,3,5+,لا يوجد,435.0,1,1,1,1,1,1,0,0,1,0,4000000
فيلا, الرياض , حي العارض ,جنوبية,7+,7+,5+,لا يوجد,405.0,1,1,1,1,1,1,0,0,1,1,3100000
فيلا, الرياض , حي الياسمين ,غربية,5,2,5+,لا يوجد,600.0,1,1,1,1,1,1,0,0,1,0,4500000
فيلا, الرياض , حي العليا ,جنوبية غربية,5,3,5+,لا يوجد,200.0,0,1,0,1,0,0,0,0,0,0,2900000
فيلا, الرياض , حي الياسمين ,جنوبية,7+,2,5+,لا يوجد,260.0,1,1,1,1,0,1,0,0,1,0,2350000
فيلا, امارة منطقة الرياض, الرياض ,جنوبية,4,2,5+,لا يوجد,258.0,1,1,1,0,0,1,0,0,1,0,2500000
فيلا, الرياض , حي الرحمانية ,غربية,7+,3,5+,8.0,384.0,1,1,1,1,0,1,1,1,1,0,3500000
فيلا, الرياض , حي النزهة ,غربية,3,2,5+,لا يوجد,256.0,1,1,1,1,0,0,0,0,1,0,1650000
فيلا, الرياض , حي النرجس ,غربية,5,3,5+,لا يوجد,300.0,1,0,1,1,0,0,0,0,0,0,2800000
فيلا, الرياض , حي النرجس ,جنوبية غربية,4,2,5+,لا يوجد,234.0,1,0,1,1,0,0,0,0,0,0,2300000
فيلا, الرياض , حي النرجس ,جنوبية,3,2,5+,لا يوجد,273.0,1,0,1,0,0,0,0,0,0,0,2700000
فيلا, الرياض , حي العارض ,شمالية,6,1,4,لا يوجد,600.0,0,1,1,1,0,0,0,0,1,0,3000000
فيلا, الرياض , حي الوادي ,جنوبية,4,2,5+,لا يوجد,250.0,1,0,1,1,0,0,0,0,1,0,3000000
فيلا, الرياض , حي المصيف ,جنوبية,6,2,5+,لا يوجد,299.0,1,0,1,1,0,0,0,0,1,0,3400000
فيلا, الرياض , حي العليا ,شمالية,7+,2,5+,لا يوجد,442.0,1,1,1,1,1,0,0,1,1,0,2500000
فيلا, الرياض , حي العارض ,غربية,4,3,5+,لا يوجد,300.0,1,0,1,0,1,0,0,0,0,0,2800000
فيلا, الرياض , حي الملقا ,شرقية,4,2,5+,لا يوجد,375.0,1,1,1,1,1,1,0,0,1,1,4300000
فيلا, الرياض , حي العليا ,شمالية,7+,2,5+,لا يوجد,442.0,1,1,1,1,1,1,0,0,1,0,2600000
فيلا, الرياض , حي النرجس ,غربية,5,3,5+,لا يوجد,375.0,1,0,1,1,0,0,0,0,0,0,4400000
فيلا, امارة منطقة الرياض, الرياض ,جنوبية,6,3,5+,لا يوجد,270.0,1,0,1,0,0,0,0,0,0,0,2500000
فيلا, الرياض , حي العارض ,شمالية,5,3,5+,لا يوجد,300.0,1,0,1,1,0,0,0,0,1,0,2500000
فيلا, الدرعية, العيينة ,جنوبية,7+,5,5+,لا يوجد,406.0,0,1,0,0,0,1,0,0,0,0,1350000
فيلا, الرياض , حي الفلاح ,جنوبية,5,2,5+,لا يوجد,392.0,1,1,1,1,1,1,0,0,1,0,4500000
فيلا, الرياض , حي النرجس ,غربية,6,2,5+,لا يوجد,477.0,1,1,1,1,1,1,1,0,1,0,4000000
فيلا, الرياض , حي الياسمين ,جنوبية,5,3,5+,لا يوجد,375.0,1,1,1,1,0,1,1,0,1,1,4200000
فيلا, الرياض , حي العارض ,شمالية,5,2,5+,لا يوجد,360.0,1,1,1,1,1,0,0,0,1,1,2900000
فيلا, امارة منطقة الرياض, الرياض ,شمالية,4,3,5+,لا يوجد,390.0,0,1,1,1,0,1,0,0,1,0,3200000
فيلا, الرياض , حي النرجس ,شمالية,5,2,5+,لا يوجد,324.0,1,1,1,1,0,1,0,0,1,0,2350000
فيلا, الرياض , حي الندى ,غربية,7+,4,5+,لا يوجد,2500.0,0,1,0,0,0,0,0,0,1,0,16700000
فيلا, الرياض , حي النزهة ,شرقية,4,2,4,لا يوجد,607.0,1,1,1,1,1,1,0,0,1,0,3300000
فيلا, الرياض , حي التعاون ,شرقية,5,2,5+,لا يوجد,375.0,0,1,1,1,1,1,0,0,1,1,4350000
فيلا, الرياض , حي الملقا ,شمالية,7+,3,5+,لا يوجد,200.0,0,0,0,0,0,0,0,0,0,0,2600000
فيلا, الرياض , حي العارض ,شرقية,7+,5,5+,لا يوجد,690.0,1,1,1,0,1,1,0,0,1,0,4600000
فيلا, الرياض , حي المصيف ,شمالية,7+,2,5+,لا يوجد,570.0,0,1,1,1,1,1,0,0,1,0,3000000
فيلا, الرياض , حي العارض ,غربية,3,2,5+,لا يوجد,11811.0,0,1,1,0,0,0,0,0,0,0,1350000
فيلا, الرياض , حي الصحافة ,جنوبية,5,2,5+,لا يوجد,375.0,1,1,1,1,1,1,1,0,1,0,2750000
فيلا, الرياض , حي الملقا ,شمالية غربية,5,3,5+,لا يوجد,687.0,1,1,1,1,1,1,0,1,1,1,9000000
فيلا, الرياض , حي العارض ,شرقية,5,5,5+,لا يوجد,335.0,1,1,1,0,1,1,0,0,1,0,3150000
فيلا, الرياض , حي المحمدية ,شمالية,5,2,5+,لا يوجد,360.0,1,1,1,1,0,0,0,0,1,0,2700000
فيلا, الرياض , حي العارض ,شرقية,4,3,5+,لا يوجد,300.0,1,1,1,1,0,1,0,0,1,1,3300000
فيلا, الرياض , حي القيروان ,جنوبية,7+,3,5+,لا يوجد,420.0,1,1,1,1,1,1,0,0,1,1,4500000
فيلا, الرياض , حي الندى ,جنوبية غربية,4,3,5+,لا يوجد,420.0,1,1,1,1,0,0,1,0,1,1,3500000
فيلا, الرياض , حي الوادي ,شمالية,4,1,3,لا يوجد,209.0,1,0,1,0,0,1,0,0,1,0,2600000
فيلا, الرياض , حي العارض ,غربية,5,2,5+,لا يوجد,200.0,1,0,1,0,0,0,0,0,0,0,2100000
فيلا, الدرعية, العيينة ,شرقية,4,1,5+,لا يوجد,535.0,1,1,1,0,1,1,0,0,1,0,1900000
فيلا, الرياض , حي العقيق ,جنوبية,7+,2,5+,لا يوجد,425.0,1,0,1,1,0,1,0,0,1,0,3200000
فيلا, الدرعية, العيينة ,جنوبية,7+,2,5+,لا يوجد,405.0,1,1,1,0,1,1,0,0,1,0,2030000
فيلا, الرياض , حي العارض ,شمالية,5,2,5+,لا يوجد,375.0,1,1,1,0,1,1,0,0,1,0,3000000
فيلا, الرياض , حي النفل ,غربية,5,2,4,لا يوجد,324.0,1,1,1,0,1,1,0,0,1,0,2500000
فيلا, الرياض , حي النفل ,غربية,6,2,5+,لا يوجد,360.0,1,1,1,1,1,1,1,0,1,1,4390000
فيلا, الرياض , حي الياسمين ,غربية,5,4,5+,لا يوجد,350.0,1,1,1,1,0,1,1,1,1,1,4700000
فيلا, الرياض , حي العارض ,جنوبية,5,3,5+,لا يوجد,308.0,1,1,0,0,0,0,0,0,0,0,2600000
فيلا, امارة منطقة الرياض, الرياض ,شرقية,2,3,5+,لا يوجد,375.0,0,1,1,1,0,1,0,0,1,0,3100000
فيلا, الرياض , حي التعاون ,شرقية,4,1,5+,لا يوجد,220.0,1,1,1,1,0,1,0,0,1,0,2712320
فيلا, الرياض , حي النخيل ,شمالية,4,2,5+,15.0,630.0,1,1,1,1,0,1,1,1,1,0,7300000
فيلا, الرياض , حي النرجس ,شرقية,6,3,5+,20.0,625.0,1,1,1,1,0,1,0,0,1,1,6500000
فيلا, الرياض , حي النرجس ,جنوبية,7+,3,5+,20.0,406.0,1,1,1,1,1,1,0,0,1,0,4200000
فيلا, الرياض , حي النرجس ,غربية,4,2,5+,15.0,202.0,1,1,1,0,1,1,0,0,1,1,2100000
فيلا, الرياض, الرياض ,شمالية,6,2,5+,20.0,395.0,1,1,1,1,1,1,0,0,1,0,3500000
فيلا, الرياض , حي النرجس ,شمالية,5,2,5+,20.0,312.0,0,1,0,0,0,0,0,0,0,0,3500000
فيلا, الرياض , حي العليا ,شمالية,5,2,5+,10.0,540.0,1,1,1,1,1,1,1,0,1,0,3000000
فيلا, الرياض , حي الصحافة ,شمالية,6,2,5+,15.0,375.0,1,1,1,1,1,1,0,0,1,1,4880000
فيلا, الرياض , حي العارض ,شمالية,5,2,5+,30.0,483.0,1,1,1,1,1,1,1,0,1,0,3900000
فيلا, الرياض , حي المروج ,جنوبية,5,3,5+,20.0,350.0,1,1,1,1,1,1,0,0,1,1,4000000
فيلا, الدرعية, العيينة ,شرقية,7+,3,5+,20.0,500.0,1,1,1,1,1,1,1,0,1,1,5300000
فيلا, الرياض , حي العقيق ,شمالية,5,2,5+,15.0,312.0,1,1,1,1,1,1,0,0,1,1,3600000
فيلا, الدرعية, العيينة ,شرقية,4,2,5+,15.0,500.0,1,1,1,0,0,1,0,0,1,1,1400000
فيلا, الرياض , حي الملقا ,شمالية,5,3,5+,15.0,540.0,1,1,1,1,1,1,0,0,1,0,5500000
فيلا, الرياض , حي المروج ,شمالية,4,1,4,15.0,312.0,0,1,1,1,0,1,0,0,1,0,2000000
فيلا, الرياض , حي الياسمين ,جنوبية غربية,3,3,3,20.0,370.0,1,1,0,1,0,1,0,0,1,0,3250000
فيلا, الرياض , حي النرجس ,جنوبية,7+,2,5+,15.0,250.0,1,1,1,0,0,1,0,0,1,1,2500000
فيلا, الرياض , حي النرجس ,شمالية,6,2,5+,15.0,254.0,1,1,0,0,1,1,0,0,1,0,2450000
فيلا, امارة منطقة الرياض, حي الفلاح ,غربية,5,3,5+,20.0,520.0,1,1,1,1,0,1,1,0,1,1,6500000
فيلا, الرياض , حي الرحمانية ,شمالية,4,2,5+,20.0,300.0,1,1,1,1,0,1,0,0,1,1,4500000
فيلا, الرياض , حي الملقا ,شمالية شرقية,5,2,5+,25.0,600.0,1,1,1,1,1,1,1,0,1,1,6500000
فيلا, الرياض , حي القيروان ,جنوبية,5,2,5+,20.0,457.0,1,1,1,1,0,1,0,0,1,1,5200000
فيلا, الرياض , حي الملقا ,جنوبية,5,2,5+,15.0,343.0,1,1,1,1,0,1,0,0,1,1,4600000
فيلا, الرياض , حي النرجس ,شمالية,5,3,5+,15.0,250.0,1,1,1,0,0,1,0,0,0,0,2600000
فيلا, الرياض , حي حطين ,شمالية,7+,2,5+,15.0,500.0,1,1,1,1,1,1,0,0,1,0,6300000
فيلا, الرياض , حي القيروان ,شمالية,5,3,5+,20.0,360.0,1,1,1,1,1,1,0,0,1,1,4300000
فيلا, الرياض , حي القيروان ,شمالية,4,5,5+,15.0,360.0,0,1,1,1,1,1,0,0,1,1,3800000
فيلا, الدرعية, العيينة ,ثلاث شوارع,7+,1,4,لا يوجد,565.0,1,1,0,1,1,0,0,0,1,0,2000000
فيلا, الرياض , حي الملك فهد ,جنوبية غربية,6,2,5+,20.0,625.0,1,1,1,1,0,0,0,0,0,0,3400000
فيلا, امارة منطقة الرياض, الرياض ,جنوبية,4,3,5+,20.0,250.0,1,1,1,0,1,1,0,0,1,0,2350000
فيلا, الرياض , حي المروج ,جنوبية,3,2,4,15.0,300.0,0,1,1,0,0,1,0,0,0,0,2200000
فيلا, الرياض , حي العارض ,جنوبية,4,3,5+,20.0,336.0,0,1,1,0,1,1,1,0,1,1,2750000
فيلا, الرياض , حي الملقا7541 ,شمالية,3,1,3,21.0,252.0,1,1,0,0,0,0,0,0,0,1,3200000
فيلا, الرياض , حي العليا ,غربية,4,1,5+,12.0,210.0,1,1,1,0,0,1,0,0,1,0,2400000
فيلا, الرياض , حي النرجس ,شمالية شرقية,5,4,5+,15.0,344.0,1,1,1,1,1,1,1,0,1,1,4200000
فيلا, الرياض , حي العارض ,جنوبية شرقية,7+,5,5+,15.0,352.0,1,1,1,1,1,1,1,0,1,1,4000000
فيلا, الرياض , حي النرجس ,غربية,4,2,4,20.0,300.0,1,1,1,0,0,1,0,0,1,0,3000000
فيلا, الرياض , حي الملك فهد ,شمالية شرقية,6,2,5+,20.0,420.0,0,1,1,1,1,1,0,0,1,0,2400000
فيلا, الرياض , حي العارض ,جنوبية,5,2,5+,20.0,338.0,1,1,1,1,0,1,0,0,1,1,2800000
فيلا, الرياض , حي النرجس ,غربية,5,3,5+,15.0,325.0,0,1,1,1,0,1,0,0,1,1,3300000
فيلا, الرياض , حي الملقا ,شمالية,6,5,5+,20.0,450.0,1,1,1,1,1,1,0,0,1,1,5500000
فيلا, الرياض , حي النرجس ,غربية,6,3,5+,15.0,360.0,1,1,1,0,1,1,0,0,1,1,3550000
فيلا, الرياض , حي النرجس ,شمالية غربية,4,1,4,15.0,210.0,1,1,1,1,1,1,0,0,1,1,2300000
فيلا, الرياض, الرياض ,شمالية,5,4,5+,10.0,239.0,1,1,1,1,1,1,0,0,1,1,3499000
فيلا, الرياض , حي صلاح الدين ,غربية,5,5,5+,12.0,699.0,0,1,1,1,1,1,1,1,1,1,7500000
فيلا, الرياض , حي النرجس ,شمالية,5,3,5+,25.0,813.0,1,1,1,1,1,1,1,0,1,1,14000000
فيلا, الرياض , حي الملقا ,شرقية,5,2,5+,20.0,375.0,1,1,1,1,0,1,0,0,1,0,3200000
فيلا, الرياض , حي الندى ,غربية,5,3,5+,15.0,300.0,0,1,1,1,0,1,1,1,1,0,3600000
فيلا, الرياض , حي النفل ,شمالية غربية,7+,2,5+,20.0,450.0,1,1,1,1,1,1,0,1,1,0,4000000
فيلا, الرياض , حي النرجس ,جنوبية,6,2,5+,15.0,375.0,1,1,1,1,1,1,1,0,1,1,3650000
فيلا, الرياض , حي النرجس ,جنوبية,5,4,5+,25.0,360.0,1,1,1,1,1,1,0,0,1,1,4200000
فيلا, الدرعية, العيينة ,شرقية,5,4,5+,20.0,250.0,1,1,1,0,0,1,0,0,1,0,1600000
فيلا, الرياض , حي العارض ,جنوبية,3,2,5+,15.0,216.0,1,1,1,0,0,1,0,0,1,1,2100000
فيلا, الرياض , حي العارض ,غربية,7+,3,5+,15.0,360.0,1,1,1,1,1,1,0,0,1,0,2800000
فيلا, الرياض , حي العارض ,جنوبية,5,5,5+,15.0,375.0,1,1,1,1,0,1,0,0,1,0,3000000
فيلا, الرياض , حي الندى ,شمالية شرقية,6,3,5+,12.0,525.0,1,1,1,0,1,1,1,1,1,1,5700000
فيلا, الرياض , حي العليا ,جنوبية غربية,4,1,5+,12.0,252.0,1,1,1,0,0,1,0,0,1,0,2600000
فيلا, الرياض, الرياض ,جنوبية,7+,2,5+,14.0,501.0,1,1,1,1,1,1,0,0,1,0,4300000
فيلا, الرياض , حي الياسمين ,شمالية,5,2,5+,15.0,437.0,1,1,1,1,1,1,1,0,1,1,4200000
فيلا, الرياض , حي النرجس ,شرقية,5,2,5+,15.0,270.0,1,1,1,0,0,1,0,0,1,1,2700000
فيلا, الرياض, الرياض ,جنوبية غربية,4,2,5+,15.0,450.0,1,1,1,1,1,1,1,0,1,1,4000000
فيلا, الرياض , حي الياسمين ,شمالية شرقية,7+,3,5+,15.0,1107.0,1,1,1,1,1,1,0,1,1,1,10300000
فيلا, الرياض , حي التعاون ,جنوبية,5,2,5+,15.0,312.0,1,1,1,1,0,1,0,0,1,0,2700000
فيلا, الرياض , حي العليا ,جنوبية غربية,7+,2,5+,12.0,900.0,1,1,1,1,1,1,0,0,1,0,5000000
فيلا, الرياض , حي المحمدية ,غربية,4,1,5+,20.0,420.0,1,1,1,1,1,1,1,0,1,1,5800000
فيلا, حي النخيل , شارع سعيد السلمي ,شرقية,5,3,5+,15.0,750.0,1,1,1,1,1,1,1,0,1,1,8200000
فيلا, الرياض , حي الملك فهد ,جنوبية غربية,5,3,5+,20.0,960.0,1,1,1,1,1,1,0,0,1,0,6500000
فيلا, الرياض , حي الملقا ,شمالية,6,1,5+,5.0,360.0,0,1,0,0,0,0,0,0,0,0,4700000
فيلا, الرياض , حي النرجس ,شمالية,5,3,5+,20.0,300.0,1,1,1,0,1,1,0,0,1,1,2600000
فيلا, الرياض , حي النرجس ,غربية,5,2,4,25.0,375.0,1,1,1,1,1,1,0,0,1,1,4200000
فيلا, الرياض , حي الياسمين ,شمالية,5,3,5+,15.0,405.0,1,1,1,1,1,0,0,0,1,0,3600000
فيلا, الرياض , حي الياسمين ,جنوبية,6,2,5+,15.0,375.0,1,1,1,1,1,1,0,0,1,1,2850000
فيلا, الرياض , حي الياسمين ,شمالية,7+,2,5+,15.0,375.0,1,1,1,0,1,1,0,0,1,0,3500000
فيلا, الرياض , حي حطين ,جنوبية,7+,5,5+,15.0,450.0,1,1,1,0,1,1,0,1,1,1,5250000
فيلا, الرياض , حي حطين ,جنوبية,5,2,5+,15.0,351.0,1,1,1,0,1,1,0,0,1,1,3750000
فيلا, الرياض , حي حطين ,غربية,5,3,5+,18.0,250.0,1,1,1,0,0,0,0,0,1,1,2500000
فيلا, الرياض , حي النرجس ,شرقية,5,2,4,15.0,360.0,1,1,1,0,1,1,0,0,1,1,3650000
فيلا, الرياض, الرياض ,شمالية,5,2,5+,14.0,420.0,1,1,1,1,0,1,0,0,1,0,3200000
فيلا, الرياض , حي الياسمين ,جنوبية,4,2,5+,20.0,375.0,0,1,1,1,0,1,0,0,1,1,4200000
فيلا, الرياض , حي النرجس ,شمالية,6,3,5+,15.0,390.0,0,1,1,0,1,1,0,0,1,0,3900000
فيلا, الرياض , حي النخيل ,شمالية,6,5,5+,5.0,525.0,1,1,1,0,0,1,1,1,1,0,5000000
فيلا, الرياض , حي التعاون ,شمالية غربية,3,7+,5+,20.0,480.0,1,1,1,1,0,1,0,0,1,1,5800000
فيلا, الرياض , حي التعاون ,غربية,5,2,5+,20.0,200.0,1,1,1,1,0,1,0,0,1,0,2350000
فيلا, الرياض , حي حطين ,غربية,5,4,5+,15.0,505.0,1,1,1,1,1,1,1,1,1,1,8300000
فيلا, الرياض , حي العارض ,جنوبية,5,5,5+,15.0,350.0,1,1,1,1,1,1,0,0,1,0,2600000
فيلا, الرياض , حي العارض ,جنوبية,5,3,5+,15.0,300.0,1,1,1,0,1,1,0,0,1,1,2500000
فيلا, الرياض , حي العارض ,جنوبية,7+,3,5+,20.0,675.0,1,1,1,1,1,1,1,0,1,1,5500000
فيلا, الرياض , حي المصيف ,شرقية,6,2,5+,20.0,820.0,1,1,1,1,1,1,1,0,1,0,5000000
فيلا, الرياض , حي الملقا ,شمالية,6,3,5+,20.0,450.0,1,1,1,1,0,0,0,0,1,1,4800000
فيلا, الرياض , حي النرجس ,جنوبية شرقية,7+,2,5+,15.0,300.0,1,1,1,1,0,1,0,0,1,1,3100000
فيلا, الرياض , حي النرجس ,شمالية غربية,4,2,5+,20.0,247.0,1,1,1,1,0,0,0,0,1,0,2400000
فيلا, الرياض , حي الصحافة ,شرقية,5,1,5+,15.0,600.0,0,1,1,1,1,1,0,0,1,0,4500000
فيلا, الدرعية, العيينة ,غربية,7+,2,5+,15.0,500.0,1,1,1,0,0,1,0,0,1,0,1500000
فيلا, الرياض , حي النرجس ,جنوبية غربية,6,3,5+,15.0,620.0,1,1,1,1,1,1,1,1,1,1,7000000
فيلا, الرياض, الرياض ,جنوبية,7+,2,5+,15.0,300.0,1,1,1,1,1,1,0,0,1,0,2800000
فيلا, الرياض , حي الصحافة ,شمالية,6,2,5+,15.0,375.0,1,1,1,1,1,0,0,0,1,1,4880000
فيلا, الدرعية, العيينة ,شمالية,3,3,3,لا يوجد,193.0,0,1,0,1,0,1,0,0,1,0,950000
فيلا, الرياض , حي الوادي ,غربية,5,3,5+,لا يوجد,375.0,1,1,1,1,0,0,0,0,1,0,2200000
فيلا, الرياض , حي النرجس ,شمالية,5,2,5+,15.0,312.0,1,1,1,0,1,0,0,0,1,0,2550000
فيلا, الرياض , حي النرجس ,شمالية,5,3,5+,17.0,240.0,1,1,1,0,0,1,0,0,1,1,2700000
فيلا, الرياض, حي النخيل ,جنوبية شرقية,7+,2,5+,30.0,1825.0,1,1,1,1,1,1,1,1,1,0,20000000
فيلا, امارة منطقة الرياض, الرياض ,شرقية,4,1,3,لا يوجد,180.0,0,1,0,0,0,0,0,0,1,0,1100000
فيلا, امارة منطقة الرياض, الرياض ,شمالية,3,1,4,40.0,236.0,1,1,0,0,0,0,0,0,0,0,1070000
فيلا, الرياض , حي المونسية ,غربية,4,4,4,لا يوجد,300.0,1,1,0,0,0,0,0,0,0,1,2250000
فيلا, الرياض , حي المونسية ,غربية,4,2,5+,لا يوجد,300.0,1,1,1,0,1,1,0,0,1,1,2200000
فيلا, الرياض , حي القدس ,شمالية,6,2,5+,لا يوجد,900.0,1,1,1,1,1,1,1,0,1,0,4800000
فيلا, الرياض , حي القدس ,شمالية,5,5,5+,لا يوجد,900.0,1,1,0,0,1,1,1,0,1,0,4700000
فيلا, الرياض , حي الخليج ,غربية,5,2,4,لا يوجد,324.0,1,1,1,1,1,1,0,0,1,0,2200000
فيلا, الرياض , حي الرمال ,شمالية,7+,1,5+,لا يوجد,281.0,0,0,0,0,0,0,0,0,0,0,1400000
فيلا, الرياض , حي النسيم الغربي ,شرقية,5,2,3,لا يوجد,312.0,0,1,0,0,0,1,0,0,1,0,1070000
فيلا, الرياض , حي الريان ,جنوبية,7+,2,5+,15.0,360.0,1,1,1,1,1,0,1,0,1,0,4400000
فيلا, الرياض , حي الروضة ,جنوبية,5,2,5+,لا يوجد,900.0,1,0,0,0,0,0,0,0,0,0,5200000
فيلا, الرياض , حي المونسية ,جنوبية,6,2,4,لا يوجد,319.0,1,1,1,1,1,1,0,0,1,1,3150000
فيلا, الرياض , حي الرمال ,جنوبية,7+,3,5+,لا يوجد,300.0,1,1,1,0,1,1,0,0,1,0,2000000
فيلا, الرياض , حي الرمال ,جنوبية,7+,3,5+,لا يوجد,319.0,1,1,1,0,1,1,0,0,1,0,2100000
فيلا, الرياض , حي الحمراء ,جنوبية,5,2,1,لا يوجد,750.0,1,1,1,1,1,1,0,0,1,0,4000000
فيلا, الرياض , حي النسيم الشرقي ,غربية,7+,2,5+,لا يوجد,480.0,0,1,1,0,1,1,0,0,1,0,1200000
فيلا, الرياض , حي الرمال ,شمالية,4,1,5+,لا يوجد,375.0,1,1,1,0,1,0,0,0,1,1,2450000
فيلا, الرياض , حي اشبيلية ,شمالية,6,2,4,لا يوجد,500.0,0,1,0,0,1,1,0,0,0,0,3000000
فيلا, الرياض , حي النهضة ,شمالية,7+,5,5+,لا يوجد,495.0,1,1,0,0,0,1,0,0,0,0,1700000
فيلا, الرياض , حي النهضة ,غربية,5,2,5+,لا يوجد,324.0,1,0,1,0,1,1,0,0,1,0,1900000
فيلا, الرياض , حي القادسية ,جنوبية,6,2,5+,لا يوجد,365.0,1,0,0,0,0,0,0,0,1,0,2300000
فيلا, الرياض , حي اشبيلية ,شرقية,5,1,5+,لا يوجد,388.0,1,1,1,1,0,1,0,0,1,0,2200000
فيلا, الرياض , حي النسيم الشرقي ,غربية,7+,3,5+,لا يوجد,480.0,0,1,0,0,0,0,0,0,0,0,1200000
فيلا, الرياض , حي قرطبة ,شمالية,5,2,5+,لا يوجد,225.0,1,1,1,0,1,1,0,0,1,0,2450000
فيلا, الرياض , حي الرمال ,شمالية شرقية,6,2,5+,لا يوجد,404.0,1,0,0,1,1,1,0,1,1,1,2500000
فيلا, الرياض , حي الحمراء ,جنوبية,7+,4,5+,لا يوجد,580.0,1,1,1,1,1,1,1,0,1,1,5400000
فيلا, الرياض , حي المونسية ,غربية,4,2,4,لا يوجد,300.0,1,1,0,0,1,1,0,0,1,1,2300000
فيلا, الرياض , حي المونسية ,جنوبية غربية,5,2,4,لا يوجد,480.0,1,1,1,0,1,1,1,0,1,1,5000000
فيلا, الرياض , حي النسيم الغربي ,جنوبية,5,2,5+,12.0,250.0,1,1,0,0,1,1,0,0,1,0,1250000
فيلا, الرياض , حي المونسية ,غربية,4,2,4,لا يوجد,300.0,1,1,1,0,1,1,0,0,1,1,2300000
فيلا, الرياض , حي اليرموك ,شرقية,3,2,2,لا يوجد,520.0,0,1,1,0,1,1,0,0,1,0,2400000
فيلا, الرياض , حي الملك فيصل ,شمالية شرقية,7+,1,1,لا يوجد,875.0,1,0,0,0,0,0,0,0,0,0,4500000
فيلا, الرياض , حي الصفا ,شمالية,5,3,5+,لا يوجد,735.0,1,1,1,1,1,1,0,0,1,0,2000000
فيلا, الرياض , حي النظيم ,جنوبية,4,4,3,لا يوجد,500.0,1,1,0,0,1,1,0,0,1,0,1550000
فيلا, الرياض , حي النظيم ,جنوبية,1,1,3,لا يوجد,500.0,0,1,0,0,0,0,0,0,0,0,1550000
فيلا, الرياض , حي الرمال ,غربية,7+,2,5+,20.0,266.0,1,1,1,0,0,1,0,0,1,0,1465000
فيلا, الرياض , حي النسيم الشرقي ,شمالية,7+,2,5+,لا يوجد,483.0,0,1,1,1,1,1,0,0,1,0,1700000
فيلا, الرياض , حي الحمراء ,شرقية,7+,2,5+,لا يوجد,618.0,1,1,1,1,1,1,1,0,1,1,4500000
فيلا, الرياض , حي النهضة ,جنوبية,4,1,2,لا يوجد,400.0,0,1,1,1,0,1,0,0,0,0,1300000
فيلا, الرياض , حي اليرموك ,جنوبية,6,1,3,لا يوجد,400.0,0,0,1,1,0,1,0,0,1,0,2000000
فيلا, الرياض , حي المونسية ,شمالية,6,4,4,لا يوجد,362.0,0,1,1,1,1,1,0,0,1,0,1990000
فيلا, حي قرطبة , شارع جبل مره ,جنوبية,7+,3,5+,لا يوجد,450.0,0,1,1,1,0,1,0,0,1,0,2600000
فيلا, الرياض , حي المونسية ,شمالية,5,2,5+,لا يوجد,400.0,1,1,1,1,0,1,0,0,1,0,2850000
فيلا, الرياض , حي اشبيلية ,شرقية,5,2,5+,لا يوجد,430.0,1,1,1,1,1,1,0,0,1,0,2100000
فيلا, الرياض , حي القدس ,شمالية,4,2,5+,لا يوجد,450.0,1,1,1,1,0,1,0,1,1,0,3000000
فيلا, الرياض , حي المونسية ,شرقية,5,3,4,لا يوجد,308.0,1,0,1,0,1,1,0,0,1,1,2650000
فيلا, الرياض , حي البيان ,جنوبية,1,2,5+,لا يوجد,359.0,1,1,0,0,1,1,0,0,1,0,1650000
فيلا, الرياض , حي الرمال ,غربية,6,1,5+,لا يوجد,280.0,1,0,1,0,0,0,0,0,0,0,1550000
فيلا, الرياض , حي الرمال ,شرقية,5,4,5+,لا يوجد,430.0,0,1,0,0,1,1,0,0,1,0,2500000
فيلا, الرياض , حي اليرموك ,شرقية,7+,1,5+,لا يوجد,288.0,1,1,1,0,1,1,0,0,1,0,1800000
فيلا, الرياض , حي السعادة ,جنوبية,6,2,5+,لا يوجد,200.0,1,1,0,0,0,1,0,0,1,1,1680000
فيلا, الرياض , حي المونسية ,شمالية,7+,4,5+,لا يوجد,312.0,1,1,1,0,1,1,0,0,1,1,2490000
فيلا, الرياض , حي الاندلس ,شرقية,5,2,5+,لا يوجد,437.0,1,1,1,1,0,1,0,0,1,0,3500000
فيلا, الرياض , حي اليرموك ,جنوبية شرقية,7+,3,5+,لا يوجد,336.0,1,1,1,1,1,1,0,0,1,0,2200000
فيلا, الرياض , حي اليرموك ,شمالية,5,2,5+,لا يوجد,312.0,1,1,1,1,1,1,0,0,1,1,2450000
فيلا, الرياض , حي اليرموك ,جنوبية,4,2,4,لا يوجد,250.0,1,0,0,0,1,1,0,0,1,0,2000000
فيلا, الرياض , حي القدس ,غربية,4,2,4,15.0,149.0,1,1,0,0,0,1,0,0,1,1,1750000
فيلا, الرياض , حي الرمال ,شمالية,7+,2,5+,لا يوجد,300.0,1,1,1,1,1,1,0,0,1,1,1850000
فيلا, الرياض , حي الاندلس ,جنوبية غربية,4,2,5+,لا يوجد,280.0,1,1,1,0,1,1,0,0,1,1,2100000
فيلا, الرياض , حي اليرموك ,جنوبية,5,2,5+,لا يوجد,250.0,1,1,1,0,1,1,0,0,1,0,2000000
فيلا, امارة منطقة الرياض, الرياض ,جنوبية,6,3,5+,لا يوجد,250.0,1,1,0,0,1,1,0,0,1,0,1470000
فيلا, الرياض , حي اليرموك ,جنوبية,4,1,4,لا يوجد,250.0,1,1,1,0,1,1,0,0,1,0,1750000
فيلا, الرياض , حي النسيم الغربي ,شرقية,7+,3,4,لا يوجد,300.0,1,1,1,0,1,1,0,0,1,0,1400000
فيلا, الرياض , ,جنوبية,5,2,5+,لا يوجد,250.0,0,1,1,0,1,1,0,0,1,0,1470000
فيلا, امارة منطقة الرياض, الرياض ,جنوبية,5,3,5+,لا يوجد,250.0,1,1,0,0,1,1,0,0,1,0,1470000
فيلا, امارة منطقة الرياض, الرياض ,شرقية,5,2,5+,لا يوجد,250.0,1,1,1,0,0,1,0,0,1,0,2050000
فيلا, الرياض , حي النسيم الغربي ,شمالية,5,3,5+,لا يوجد,437.0,1,1,0,0,0,1,0,0,1,1,1750000
فيلا, الرياض , حي السعادة ,شرقية,7+,5,5+,21.0,325.0,1,1,1,0,1,1,0,0,1,0,1700000
فيلا, الرياض , حي النسيم الغربي ,غربية,7+,5,5+,12.0,458.0,0,1,0,0,1,1,0,0,0,0,1100000
فيلا, الرياض , حي البيان ,شمالية شرقية,7+,2,5+,لا يوجد,360.0,1,1,0,0,1,0,0,0,0,0,1900000
فيلا, الرياض , حي المونسية ,شرقية,5,2,5+,لا يوجد,250.0,1,1,1,0,1,1,0,0,1,1,1850000
فيلا, الرياض , حي الجنادرية ,شمالية,4,1,4,لا يوجد,375.0,0,1,0,0,0,1,0,0,1,0,1200000
فيلا, الرياض , حي الروضة ,شرقية,1,1,5+,لا يوجد,335.0,0,1,1,1,0,0,0,0,0,0,2000000
فيلا, الرياض , حي المونسية ,غربية,5,2,5+,لا يوجد,250.0,1,0,1,0,0,1,0,0,0,0,1850000
فيلا, الرياض , حي القادسية ,شمالية,4,2,5+,لا يوجد,270.0,1,1,1,0,1,1,0,0,1,1,1550000
فيلا, الرياض , حي قرطبة ,غربية,7+,4,5+,لا يوجد,2500.0,1,1,1,1,1,1,0,0,1,0,16700000
فيلا, الرياض , حي اشبيلية ,شرقية,7+,2,5+,لا يوجد,900.0,1,0,0,0,0,0,0,0,0,0,3000000
فيلا, الرياض , حي القادسية ,جنوبية شرقية,1,1,5+,لا يوجد,337.0,1,1,1,0,0,0,0,0,1,1,1950000
فيلا, الرياض , حي المونسية ,غربية,5,2,4,لا يوجد,250.0,1,0,1,0,0,0,0,0,0,0,2100000
فيلا, الرياض , حي الحمراء ,غربية,7+,3,5+,لا يوجد,1180.0,1,1,1,1,1,1,0,1,0,1,6500000
فيلا, الرياض , حي الخليج ,جنوبية غربية,7+,1,5+,لا يوجد,246.0,1,1,1,0,1,1,0,0,1,1,2300000
فيلا, الرياض , حي الصفا ,غربية,7+,4,5+,لا يوجد,750.0,0,1,0,0,0,1,0,0,0,0,2700000
فيلا, الرياض , حي الرمال ,شمالية,4,2,4,لا يوجد,281.0,1,0,1,0,1,1,0,0,1,0,1400000
فيلا, الرياض , حي قرطبة ,جنوبية,3,1,5+,لا يوجد,220.0,1,1,1,1,0,1,0,0,1,0,2200000
فيلا, الرياض , حي الاندلس ,شمالية,5,1,5+,لا يوجد,240.0,1,1,1,0,0,0,0,0,1,1,2000000
فيلا, الرياض , حي السعادة ,غربية,5,1,3,5.0,300.0,0,1,0,0,0,1,0,0,1,0,1600000
فيلا, الرياض , حي النسيم الغربي ,شمالية,4,2,4,لا يوجد,312.0,1,1,0,0,1,1,0,0,1,1,1500000
فيلا, امارة منطقة الرياض, الرياض ,شرقية,4,2,4,لا يوجد,390.0,1,1,1,0,1,1,0,0,1,0,1900000
فيلا, الرياض , حي النظيم ,شرقية,3,1,3,لا يوجد,375.0,0,1,1,0,1,0,0,0,0,0,1070000
فيلا, الرياض , حي المونسية ,جنوبية,6,4,5+,لا يوجد,262.0,1,1,1,1,0,1,0,0,1,0,2000000
فيلا, الرياض , حي اشبيلية ,غربية,5,3,5+,لا يوجد,300.0,0,0,0,0,1,1,0,0,1,1,1300000
فيلا, الرياض , حي الجنادرية ,شمالية,4,2,4,لا يوجد,360.0,1,1,1,1,0,0,0,0,1,0,1500000
فيلا, الرياض , حي الروضة ,شرقية,5,2,5+,5.0,335.0,1,1,1,1,1,0,0,0,1,0,2000000
فيلا, الرياض , حي الازدهار ,غربية,4,4,5+,لا يوجد,200.0,1,0,1,0,0,1,0,0,1,1,2400000
فيلا, الرياض , حي النهضة ,غربية,5,1,4,لا يوجد,417.0,0,1,0,1,1,1,0,0,1,0,2500000
فيلا, الرياض , حي النسيم الغربي ,غربية,5,2,5+,لا يوجد,625.0,0,1,1,1,1,1,0,0,1,0,1200000
فيلا, امارة منطقة الرياض, الرياض ,جنوبية,5,3,5+,لا يوجد,630.0,1,1,1,1,1,1,1,0,1,0,4300000
فيلا, امارة منطقة الرياض, الرياض ,غربية,6,2,5+,لا يوجد,305.0,1,0,1,0,1,0,0,0,1,1,1650000
فيلا, الرياض , حي اليرموك ,شمالية,4,2,4,لا يوجد,250.0,1,1,1,0,1,1,0,0,1,1,1900000
فيلا, الرياض , حي الخليج ,جنوبية,6,4,3,لا يوجد,350.0,0,0,0,0,0,0,0,0,0,0,1880000
فيلا, الرياض , حي الحمراء ,غربية,7+,2,5+,لا يوجد,2500.0,1,1,1,1,1,1,0,0,1,0,16700000
فيلا, الرياض , حي غرناطة ,شمالية غربية,5,2,5+,لا يوجد,840.0,0,1,0,0,0,0,0,0,1,0,4000000
فيلا, الرياض , حي الحمراء ,جنوبية,5,2,5+,لا يوجد,618.0,1,1,1,1,1,1,0,0,1,1,6000000
فيلا, الرياض , حي المونسية ,شمالية,4,2,5+,20.0,200.0,1,1,1,0,1,1,0,0,1,0,1200000
فيلا, الرياض , حي القدس ,شمالية,5,3,5+,15.0,900.0,0,1,1,1,1,1,1,0,1,0,5000000
فيلا, الرياض, الرياض ,غربية,7+,3,4,15.0,375.0,1,1,0,0,1,1,0,0,1,0,1500000
فيلا, الرياض , حي الخليج ,شرقية,5,2,5+,20.0,325.0,1,1,0,0,1,0,0,0,1,0,2000000
فيلا, الرياض , حي الاندلس ,شمالية,6,4,5+,12.0,750.0,1,1,1,1,1,1,0,0,1,0,3300000
فيلا, الرياض , حي الاندلس ,شمالية,6,1,3,15.0,400.0,0,1,0,1,1,1,0,0,1,0,2650000
فيلا, الرياض , حي الروضة ,غربية,6,1,5+,20.0,637.0,0,1,1,1,1,1,0,0,1,0,2550000
فيلا, الرياض , حي النهضة ,شمالية,4,2,5+,15.0,375.0,1,1,1,0,1,1,0,0,1,1,2650000
فيلا, امارة منطقة الرياض, الرياض ,شرقية,3,1,5+,10.0,484.0,0,1,0,0,0,0,0,0,0,0,1670000
فيلا, الرياض , حي اشبيلية ,شرقية,5,3,5+,20.0,432.0,0,1,1,1,0,1,0,0,1,0,2300000
فيلا, امارة منطقة الرياض, حي القادسية ,شرقية,5,1,4,15.0,375.0,0,1,0,0,1,1,0,0,1,0,2400000
فيلا, الرياض , حي النسيم الغربي ,غربية,7+,2,2,10.0,500.0,0,1,0,0,0,0,0,0,1,0,1250000
فيلا, الرياض , حي المعيزلة ,غربية,4,2,4,20.0,600.0,1,1,1,0,1,1,0,0,1,0,3000000
فيلا, الرياض , حي الحمراء ,غربية,7+,2,5+,25.0,618.0,1,1,0,1,1,1,0,0,1,1,6000000
فيلا, الرياض , حي الرمال ,شرقية,6,1,5+,20.0,495.0,1,1,0,0,1,1,0,0,1,0,2500000
فيلا, الرياض , حي الحمراء ,شرقية,7+,3,5+,25.0,1237.0,1,1,1,0,1,1,0,0,1,0,6500000
فيلا, الرياض , حي الرمال ,شمالية,4,2,4,15.0,337.0,1,1,1,1,1,1,0,0,1,0,2100000
فيلا, الرياض , حي القدس ,غربية,7+,3,5+,15.0,900.0,1,1,0,1,1,0,0,0,1,0,4500000
فيلا, امارة منطقة الرياض, الرياض ,شرقية,7+,4,5+,15.0,288.0,1,1,1,0,1,1,0,0,1,1,1770000
فيلا, الرياض , حي الرمال ,جنوبية,4,2,5+,15.0,312.0,1,1,0,0,1,1,0,0,0,0,2000000
فيلا, الرياض , حي الرمال ,غربية,7+,3,5+,18.0,300.0,1,1,1,0,0,1,0,0,1,0,1500000
فيلا, الرياض , حي الرمال ,شمالية,7+,2,5+,20.0,315.0,1,1,1,0,0,1,0,0,1,1,1600000
فيلا, الرياض , حي الرمال ,غربية,7+,3,5+,18.0,300.0,1,1,1,0,1,1,0,0,1,0,1600000
فيلا, الرياض , حي قرطبة ,شرقية,7+,2,5+,20.0,375.0,1,1,1,0,0,0,0,0,0,0,4000000
فيلا, الرياض , حي الرمال ,شرقية,4,2,5+,15.0,375.0,1,1,0,0,1,1,0,0,1,0,2450000
فيلا, الرياض , حي المونسية ,غربية,4,2,4,20.0,250.0,1,1,1,0,1,1,0,0,1,0,1750000
فيلا, الرياض , حي الرمال ,شمالية شرقية,7+,2,3,15.0,288.0,1,1,0,0,0,1,0,0,1,1,1770000
فيلا, الرياض , حي الفيحاء ,غربية,7+,1,5+,15.0,750.0,1,1,1,0,1,1,0,0,1,0,2100000
فيلا, الرياض , حي السعادة ,غربية,5,2,5+,15.0,312.0,1,1,0,0,1,1,0,0,1,1,1550000
فيلا, الرياض , حي الفيحاء ,شرقية,7+,2,5+,15.0,250.0,1,1,1,0,1,1,0,0,1,0,1150000
فيلا, الرياض , حي مطار الملك خالد الدولي ,شرقية,3,1,3,21.0,330.0,1,1,0,0,0,0,0,0,0,0,1650000
فيلا, الرياض , حي النهضة ,غربية,7+,4,5+,20.0,375.0,1,1,1,1,1,1,0,0,1,1,2200000
فيلا, الرياض , حي الملز ,شمالية شرقية,7+,5,5+,10.0,750.0,0,1,0,1,0,0,0,0,0,0,2100000
فيلا, امارة منطقة الرياض, الرياض ,غربية,6,3,4,15.0,300.0,1,1,1,1,0,1,0,0,1,0,1150000
فيلا, الرياض , ,شمالية,5,2,4,18.0,300.0,0,1,0,0,0,1,0,0,1,0,900000
فيلا, الرياض , حي القدس ,شمالية,6,2,5+,15.0,270.0,1,0,0,0,0,1,0,0,1,0,2800000
فيلا, الرياض , حي الرمال ,شمالية,7+,2,5+,20.0,281.0,1,1,1,1,1,1,0,0,1,0,1400000
فيلا, الرياض , حي اليرموك ,جنوبية,4,2,5+,15.0,200.0,0,1,0,0,0,0,0,0,0,0,1800000
فيلا, الرياض , حي اليرموك ,جنوبية,5,2,5+,20.0,250.0,1,1,1,0,0,1,0,0,1,0,2200000
فيلا, الرياض , حي المعيزلة ,شمالية,5,2,5+,15.0,595.0,1,1,1,1,1,1,0,0,1,0,2500000
فيلا, الرياض , حي المونسية ,جنوبية,4,2,5+,20.0,312.0,1,1,1,0,1,0,0,0,1,1,2200000
فيلا, الرياض , حي قرطبة ,شمالية,5,1,5+,30.0,1080.0,0,1,1,1,1,1,1,0,1,1,9500000
فيلا, الرياض , حي السعادة ,شمالية غربية,4,2,5+,15.0,250.0,1,1,1,0,1,0,0,0,1,0,1600000
فيلا, الرياض , حي المونسية ,شرقية,5,3,5+,20.0,250.0,1,1,1,0,1,1,0,0,1,0,1750000
فيلا, الرياض , حي النهضة ,جنوبية,4,3,4,20.0,375.0,1,1,1,0,0,0,0,0,1,1,2150000
فيلا, الرياض , حي الرمال ,جنوبية,5,3,5+,5.0,360.0,1,1,1,0,1,1,0,0,1,1,2350000
فيلا, الرياض , حي السلام ,غربية,7+,1,5+,15.0,500.0,0,1,1,1,1,1,0,0,1,0,1800000
فيلا, الرياض , حي القادسية ,شمالية شرقية,7+,5,5+,15.0,850.0,1,1,1,1,1,1,1,0,1,1,6500000
فيلا, الرياض , حي المونسية ,شرقية,7+,3,5+,20.0,308.0,1,1,1,0,1,1,0,0,1,1,2600000
فيلا, الرياض , حي الحمراء ,جنوبية,7+,2,5+,20.0,750.0,1,1,1,1,1,1,0,0,1,0,4500000
فيلا, الرياض , حي المونسية ,جنوبية,5,2,5+,15.0,250.0,1,1,1,0,1,1,0,0,1,0,1800000
فيلا, الرياض, الرياض ,جنوبية,6,2,5+,18.0,520.0,1,1,1,0,1,1,0,0,1,1,2400000
فيلا, الرياض , حي الحمراء ,غربية,6,4,5+,18.0,1237.0,0,1,1,1,1,1,1,0,1,1,8900000
فيلا, الرياض , حي اشبيلية ,جنوبية شرقية,6,3,5+,15.0,585.0,1,1,1,1,0,1,0,0,1,0,2800000
فيلا, الرياض , حي الروضة ,جنوبية غربية,7+,2,5+,12.0,315.0,0,1,0,0,0,1,0,0,1,0,1800000
فيلا, الرياض , حي السعادة ,جنوبية غربية,5,1,3,15.0,361.0,0,1,0,0,1,1,0,0,1,0,1760000
فيلا, الرياض , حي الملز ,غربية,7+,5,5+,15.0,625.0,0,1,1,1,1,1,0,0,1,0,4000000
فيلا, الرياض , حي الرمال ,غربية,5,2,5+,15.0,250.0,1,1,1,0,1,0,0,0,1,0,1300000
فيلا, امارة منطقة الرياض, حي الرمال ,جنوبية,5,2,5+,18.0,300.0,0,1,1,0,0,1,0,0,0,0,1650000
فيلا, امارة منطقة الرياض, الرياض ,غربية,5,1,5+,18.0,250.0,1,1,1,0,0,0,0,0,0,0,1450000
فيلا, الرياض , حي المونسية ,شمالية غربية,5,2,5+,15.0,440.0,1,1,1,0,0,0,0,0,0,0,3250000
فيلا, الرياض , حي المونسية ,جنوبية,5,2,5+,15.0,250.0,1,1,1,0,0,0,0,0,1,0,1900000
فيلا, الرياض , حي البيان ,شرقية,7+,3,5+,25.0,336.0,1,1,1,0,0,1,0,0,1,0,1800000
فيلا, الرياض, الرياض ,شرقية,5,2,3,20.0,376.0,1,1,0,1,0,1,0,0,1,1,2760000
فيلا, الرياض, الرياض ,شمالية غربية,5,2,5+,20.0,250.0,1,1,1,0,1,0,0,0,1,0,1600000
فيلا, الرياض, الرياض ,جنوبية,5,2,5+,20.0,300.0,1,1,1,0,1,0,0,0,1,0,1650000
فيلا, الرياض, الرياض ,جنوبية,5,2,5+,15.0,300.0,1,1,1,0,1,0,0,0,1,0,1400000
فيلا, الرياض, الرياض ,غربية,7+,2,5+,18.0,325.0,1,1,1,0,1,1,0,0,1,0,1650000
فيلا, الرياض, الرياض ,جنوبية غربية,5,2,5+,20.0,264.0,1,1,1,0,1,0,0,0,1,0,2150000
فيلا, الرياض, الرياض ,جنوبية,5,2,5+,20.0,300.0,1,1,1,0,1,0,0,0,1,0,1900000
فيلا, الرياض, الرياض ,غربية,5,2,5+,15.0,375.0,1,1,1,0,1,0,0,0,1,0,2300000
فيلا, الرياض , حي المونسية ,جنوبية,5,3,5+,18.0,250.0,1,1,1,1,1,1,0,0,1,1,1950000
فيلا, الرياض , حي المونسية ,غربية,5,2,5+,18.0,250.0,1,1,1,0,1,0,0,0,1,0,1950000
فيلا, الرياض , حي الشهداء ,شرقية,7+,1,5+,15.0,297.0,1,1,1,1,0,1,0,0,1,0,1750000
فيلا, الرياض , حي المونسية ,شمالية,5,2,5+,15.0,250.0,1,1,1,0,1,0,0,0,1,0,2000000
فيلا, الرياض , حي المونسية ,جنوبية,5,2,5+,15.0,250.0,1,1,1,0,0,0,0,0,0,0,2000000
فيلا, الرياض , حي اليرموك ,شمالية,6,2,5+,15.0,312.0,1,1,1,0,1,1,0,0,1,0,2500000
فيلا, الرياض , حي الجنادرية ,غربية,7+,4,5+,20.0,360.0,1,1,0,0,1,1,0,0,1,1,1600000
فيلا, الرياض , حي الرمال ,شمالية,7+,3,5+,20.0,950.0,1,1,1,0,1,1,0,0,1,1,4400000
فيلا, الرياض , حي الروابي ,جنوبية,7+,2,5+,20.0,462.0,1,1,1,1,1,1,0,0,1,0,3000000
فيلا, الرياض , حي النهضة ,غربية,5,3,5+,15.0,275.0,1,1,1,0,0,1,0,0,1,0,1770000
فيلا, الرياض , حي الحمراء ,شمالية,6,2,5+,20.0,465.0,0,1,1,1,1,1,0,0,1,0,3500000
فيلا, الرياض , حي اشبيلية ,جنوبية غربية,6,2,5+,25.0,325.0,1,1,1,1,1,1,0,0,1,0,2850000
فيلا, الرياض, الرياض ,شمالية,7+,2,5+,18.0,300.0,1,1,1,0,1,1,0,0,1,0,1650000
فيلا, الرياض , حي الازدهار ,شمالية,4,1,5+,15.0,300.0,1,1,1,1,0,1,0,0,1,0,2500000
فيلا, الرياض , حي قرطبة ,شمالية,7+,3,5+,15.0,350.0,0,1,1,1,1,1,0,0,1,0,3100000
فيلا, الرياض , حي السلام ,شرقية,7+,2,5+,20.0,500.0,0,1,1,0,0,1,0,0,1,0,1850000
فيلا, الرياض , حي النظيم ,شمالية,5,1,4,15.0,313.0,0,1,1,1,0,1,0,0,1,0,1450000
فيلا, الرياض , حي الرمال ,جنوبية,7+,2,5+,15.0,312.0,1,1,1,0,1,1,0,0,1,0,1600000
فيلا, الرياض , حي الرمال ,شرقية,4,1,2,15.0,500.0,0,1,0,0,0,1,0,0,1,0,1900000
فيلا, الرياض , حي الحمراء ,غربية,7+,3,5+,25.0,618.0,1,1,1,1,1,1,1,0,1,1,5500000
فيلا, الرياض , حي البيان ,شرقية,4,2,5+,15.0,435.0,1,1,1,1,0,1,1,0,1,0,1600000
فيلا, الرياض , حي الاندلس ,شمالية,5,5,5+,15.0,750.0,1,1,1,1,1,1,1,0,1,0,3300000
فيلا, الرياض , حي النهضة ,جنوبية,5,1,5+,لا يوجد,360.0,1,1,1,0,1,1,0,0,1,0,1950000
فيلا, الرياض , حي الشهداء ,شرقية,7+,4,5+,لا يوجد,900.0,0,1,0,0,0,0,0,0,0,0,4000000
فيلا, الرياض , حي غرناطة ,شرقية,7+,2,3,لا يوجد,900.0,0,0,0,0,0,0,0,0,0,0,4000000
فيلا, الرياض , حي اشبيلية ,شرقية,4,3,5+,لا يوجد,900.0,1,1,0,0,0,1,0,0,1,0,2550000
فيلا, الرياض , حي اليرموك ,شرقية,5,1,4,لا يوجد,900.0,1,0,1,1,0,1,0,0,1,0,2500000
فيلا, الرياض , حي غرناطة ,شرقية,4,4,5+,لا يوجد,900.0,0,1,0,1,0,0,0,0,0,0,4500000
فيلا, الرياض , حي المنار ,شمالية,7+,1,5+,15.0,313.0,1,1,1,0,1,1,0,0,1,0,2300000
فيلا, الرياض , حي النسيم الغربي ,غربية,7+,3,5+,15.0,500.0,0,1,0,0,1,1,0,0,0,0,1500000
فيلا, الرياض , حي القادسية ,غربية,7+,3,5+,20.0,280.0,0,1,0,0,0,1,0,0,0,0,1450000
فيلا, امارة منطقة الرياض, الرياض ,جنوبية,7+,3,5+,لا يوجد,312.0,1,1,1,0,0,1,0,0,1,1,1000230
فيلا, الرياض , حي ظهرة لبن ,جنوبية شرقية,5,2,5+,لا يوجد,450.0,1,1,1,0,1,1,0,0,1,0,3000000
فيلا, الرياض , حي ظهرة لبن ,شمالية,5,2,5+,لا يوجد,395.0,0,0,0,0,0,0,0,0,0,0,1240000
فيلا, الرياض , حي ظهرة لبن ,غربية,5,3,5+,لا يوجد,450.0,1,1,1,0,0,1,0,0,1,0,2190000
فيلا, الرياض , حي ظهرة لبن ,غربية,5,3,5+,لا يوجد,450.0,0,1,1,1,0,1,0,0,1,0,2190000
فيلا, الرياض , حي المهدية ,جنوبية,4,4,4,لا يوجد,704.0,1,1,1,0,1,1,0,0,0,0,2300000
فيلا, الرياض , حي المهدية ,غربية,6,2,4,لا يوجد,704.0,1,1,0,0,0,1,0,0,1,0,2300000
فيلا, الرياض , حي ظهرة لبن ,شمالية,4,2,4,لا يوجد,450.0,1,1,1,0,1,1,0,0,1,0,2300000
فيلا, الرياض , حي ظهرة لبن ,شمالية,5,2,5+,لا يوجد,274.0,1,0,0,0,0,0,0,0,0,0,1100000
فيلا, الرياض , حي ظهرة لبن ,غربية,5,3,5+,لا يوجد,493.0,1,0,0,0,0,0,0,0,0,0,2500000
فيلا, الرياض , حي العريجاء الغربي ,غربية,5,3,5+,لا يوجد,200.0,1,0,0,0,1,1,0,0,1,0,1050000
فيلا, الرياض , حي ظهرة لبن ,شمالية,6,1,3,لا يوجد,450.0,0,0,0,0,0,0,0,0,0,0,1850000
فيلا, الرياض , حي ظهرة لبن ,شمالية,7+,3,5+,لا يوجد,450.0,1,1,1,0,1,1,0,0,1,0,1750000
فيلا, امارة منطقة الرياض, الرياض ,شمالية,2,2,4,لا يوجد,375.0,0,1,0,0,0,1,0,0,1,0,1100000
فيلا, الرياض , حي طويق ,جنوبية غربية,7+,5,5+,لا يوجد,225.0,1,1,1,1,1,1,0,0,1,0,1350000
فيلا, الرياض , حي طويق ,غربية,5,5,5+,لا يوجد,225.0,1,1,1,1,1,1,0,0,1,0,1250000
فيلا, الرياض , حي ظهرة لبن ,شمالية,5,3,5+,لا يوجد,200.0,1,0,0,0,0,0,0,0,0,0,1200000
فيلا, الرياض , حي ظهرة لبن ,شمالية,7+,3,5+,لا يوجد,200.0,1,0,1,0,0,0,0,0,0,1,1200000
فيلا, الرياض , حي ظهرة البديعة ,غربية,7+,2,5+,لا يوجد,250.0,0,0,1,0,1,1,0,0,1,0,1250000
فيلا, الرياض , حي طويق ,جنوبية,5,5,5+,لا يوجد,300.0,1,1,1,1,1,1,0,0,1,1,1450000
فيلا, الرياض , حي ظهرة لبن ,جنوبية غربية,5,3,5+,لا يوجد,280.0,0,1,0,0,0,0,0,0,0,0,1150000
فيلا, الرياض , حي طويق ,غربية,7+,1,5+,15.0,360.0,1,1,1,0,1,1,0,0,1,0,1400000
فيلا, الرياض , حي نمار ,غربية,7+,2,5+,لا يوجد,319.0,1,1,1,0,1,1,0,0,1,0,1200000
فيلا, الرياض , حي الحزم ,غربية,7+,2,5+,لا يوجد,300.0,1,0,1,0,1,1,0,0,1,0,1200000
فيلا, الرياض , حي الحزم ,غربية,7+,2,5+,لا يوجد,312.0,1,1,1,0,1,1,0,0,1,0,1300000
فيلا, الرياض , حي الحزم ,غربية,7+,2,5+,لا يوجد,300.0,1,1,1,0,1,1,0,0,1,0,1250000
فيلا, الرياض , حي الحزم ,غربية,7+,2,5+,لا يوجد,300.0,1,1,0,0,1,1,0,0,1,0,1250000
فيلا, الرياض , حي طويق ,جنوبية,5,3,5+,لا يوجد,300.0,1,1,1,0,1,0,0,0,1,0,1500000
فيلا, الرياض , حي طويق ,جنوبية,6,2,5+,لا يوجد,300.0,1,1,0,0,0,1,0,0,1,0,1500000
فيلا, الرياض , حي طويق ,غربية,5,2,5+,لا يوجد,300.0,1,1,0,0,0,1,0,0,1,0,1550000
فيلا, امارة منطقة الرياض, الرياض ,جنوبية,7+,5,5+,لا يوجد,469.0,1,1,1,0,1,1,0,0,1,1,1700000
فيلا, الرياض , حي ظهرة لبن ,جنوبية,7+,3,5+,لا يوجد,450.0,1,1,1,1,1,1,0,0,1,0,2000000
فيلا, امارة منطقة الرياض, الرياض ,جنوبية,7+,4,5+,لا يوجد,469.0,1,1,1,1,1,1,0,0,1,1,1700000
فيلا, الرياض , حي طويق ,غربية,7+,2,5+,لا يوجد,375.0,1,1,1,1,1,1,0,0,1,0,1430000
فيلا, الرياض , حي المهدية ,غربية,7+,4,5+,لا يوجد,447.0,0,1,1,0,1,1,0,0,1,0,4200000
فيلا, الرياض , حي المهدية ,جنوبية,4,5,5+,لا يوجد,469.0,1,1,1,0,1,1,0,0,1,1,1450000
فيلا, الرياض , حي ظهرة لبن ,جنوبية شرقية,5,3,5+,لا يوجد,290.0,1,1,0,0,0,0,0,0,0,0,900000
فيلا, الرياض , حي ظهرة لبن ,جنوبية,5,1,5+,لا يوجد,375.0,1,1,1,0,1,1,0,0,1,1,2000000
فيلا, الرياض , حي طويق ,شمالية شرقية,5,2,5+,لا يوجد,200.0,1,1,1,0,1,1,0,0,1,0,1100000
فيلا, الرياض , حي طويق ,شرقية,6,2,5+,لا يوجد,450.0,1,1,1,0,1,1,0,0,1,1,3400000
فيلا, امارة منطقة الرياض, الرياض ,جنوبية,7+,5,5+,لا يوجد,469.0,1,1,1,0,1,1,0,0,1,1,1600000
فيلا, امارة منطقة الرياض, الرياض ,جنوبية,7+,5,5+,لا يوجد,469.0,1,1,1,0,1,1,0,0,1,1,1830000
فيلا, امارة منطقة الرياض, الرياض ,جنوبية,6,5,5+,لا يوجد,469.0,1,1,1,0,1,1,0,0,1,1,1830000
فيلا, الرياض , حي طويق ,شمالية,6,1,3,لا يوجد,480.0,0,1,0,0,1,1,0,0,1,0,1900000
فيلا, الرياض , حي الزهرة ,جنوبية,5,2,5+,لا يوجد,500.0,0,1,1,0,1,1,0,0,1,0,880000
فيلا, الرياض , حي هجرة لبن ,جنوبية شرقية,7+,4,5+,لا يوجد,500.0,1,1,1,1,1,1,0,0,1,0,3700000
فيلا, الرياض , حي الحزم ,شمالية,6,3,5+,لا يوجد,252.0,1,1,1,0,0,1,0,0,1,1,1280000
فيلا, الرياض , حي ظهرة البديعة ,شرقية,5,2,5+,لا يوجد,312.0,1,1,1,0,1,1,0,0,1,0,1900000
فيلا, الرياض , حي طويق ,غربية,7+,4,5+,لا يوجد,400.0,0,1,0,0,1,0,0,0,0,0,980000
فيلا, الرياض , حي الرفيعة ,شرقية,7+,2,5+,10.0,550.0,1,1,1,0,0,1,0,1,1,0,4000000
فيلا, الرياض , حي الحزم ,جنوبية,4,2,5+,15.0,312.0,1,1,1,0,1,0,0,0,1,0,1500000
فيلا, الرياض , حي الحزم ,شرقية,5,3,5+,30.0,200.0,1,1,1,0,1,1,0,0,1,0,1080000
فيلا, الرياض , حي العريجاء الغربي ,شمالية,7+,3,5+,12.0,312.0,0,1,1,1,1,1,0,0,1,1,1800000
فيلا, الرياض , حي الحزم ,جنوبية شرقية,5,2,4,12.0,312.0,1,1,1,0,0,1,0,0,1,0,1410000
فيلا, الرياض , حي العوالي ,غربية,3,1,3,18.0,275.0,0,1,0,0,0,0,0,0,0,0,1250000
فيلا, امارة منطقة الرياض, الرياض ,شرقية,7+,1,4,5.0,312.0,1,1,0,0,1,1,0,0,1,0,1600000
فيلا, الرياض , حي ظهرة لبن ,جنوبية غربية,2,2,4,26.0,240.0,0,1,1,0,1,0,0,0,0,0,950000
فيلا, الرياض , حي طويق ,شمالية شرقية,5,2,5+,15.0,905.0,0,1,1,1,1,1,0,0,1,0,1900000
فيلا, الرياض , حي شبرا ,شمالية,4,2,4,10.0,500.0,0,1,0,1,1,1,0,0,1,0,1150000
فيلا, الرياض , حي طويق ,غربية,4,2,5+,20.0,312.0,1,1,1,0,1,1,0,0,1,0,1450000
فيلا, الرياض , حي المهدية ,جنوبية,5,3,5+,15.0,245.0,0,1,1,0,0,0,0,0,0,1,1900000
فيلا, الرياض , حي طويق ,شمالية,7+,2,5+,20.0,200.0,1,1,0,0,1,1,0,0,0,0,1050000
فيلا, الرياض , حي لبن ,شمالية,3,1,3,5.0,225.0,0,1,0,0,0,0,0,0,0,0,1750000
فيلا, الرياض , حي المهدية ,شرقية,6,2,5+,25.0,225.0,1,1,1,1,1,1,0,0,1,0,1500000
فيلا, الرياض , حي المهدية ,غربية,7+,1,4,20.0,836.0,1,1,0,0,1,1,0,1,1,1,3500000
فيلا, الرياض , حي ظهرة لبن ,جنوبية,4,3,5+,20.0,400.0,1,1,0,0,0,1,0,0,1,1,1150000
فيلا, الرياض , حي الزهرة ,شمالية,7+,4,4,25.0,1125.0,1,1,1,0,1,1,0,0,1,0,2000000
فيلا, الرياض , حي طويق ,شرقية,3,1,3,16.0,200.0,0,1,0,0,0,0,0,0,0,0,1000000
فيلا, امارة منطقة الرياض, الرياض ,شمالية,5,3,5+,5.0,200.0,1,1,0,0,0,1,0,0,1,0,1450000
فيلا, امارة منطقة الرياض, الرياض ,شمالية,5,2,5+,15.0,437.0,1,1,0,1,1,1,0,0,1,0,1350000
فيلا, امارة منطقة الرياض, الرياض ,شمالية,5,3,5+,20.0,200.0,1,1,0,0,0,1,0,0,1,0,1450000
فيلا, امارة منطقة الرياض, الرياض ,جنوبية غربية,5,3,5+,20.0,200.0,1,1,1,0,0,0,0,0,1,0,1600000
فيلا, الرياض , حي الزهرة ,شمالية غربية,7+,2,5+,30.0,760.0,1,1,1,1,0,1,0,0,1,0,2000000
فيلا, الرياض , حي طويق ,شمالية غربية,5,3,5+,25.0,250.0,1,1,0,0,0,0,0,0,1,1,1350000
فيلا, الرياض , حي ظهرة لبن ,شمالية,6,2,5+,20.0,200.0,1,1,0,0,0,0,0,0,0,0,1200000
فيلا, الرياض , حي المهدية ,غربية,7+,3,5+,15.0,330.0,1,1,1,0,1,1,0,0,1,0,2400000
فيلا, الرياض , حي طويق ,جنوبية,5,2,5+,20.0,400.0,0,1,1,1,0,1,0,0,0,0,880000
فيلا, الرياض , حي المهدية ,جنوبية,5,3,5+,25.0,225.0,1,1,1,0,0,1,0,0,1,0,1350000
فيلا, الرياض , حي المهدية ,غربية,6,2,5+,15.0,450.0,1,1,1,1,1,1,0,0,1,1,2600000
فيلا, الرياض , حي العريجاء الغربي ,شرقية,5,2,5+,20.0,200.0,1,1,1,0,1,1,0,0,0,0,970000
فيلا, الرياض, الرياض ,شمالية,5,3,5+,20.0,200.0,1,1,1,0,1,1,0,0,1,0,980000
فيلا, الرياض , حي العريجاء الوسطى ,غربية,5,3,5+,16.0,400.0,1,1,0,0,1,1,0,0,1,0,1100000
فيلا, الرياض , حي المهدية ,شرقية,7+,2,5+,20.0,525.0,1,1,1,1,0,1,0,0,1,1,3000000
فيلا, الرياض, الرياض ,شرقية,5,2,5+,20.0,200.0,1,1,1,0,1,1,0,0,1,0,1020000
فيلا, الرياض , حي العريجاء الغربي ,شرقية,5,3,5+,20.0,200.0,1,1,1,0,1,1,0,0,1,0,970000
فيلا, الرياض , حي المهدية ,غربية,3,2,5+,20.0,200.0,1,1,1,0,0,1,0,0,1,0,1850000
فيلا, الرياض, الرياض ,شمالية شرقية,6,3,5+,25.0,312.0,1,1,1,0,1,1,0,0,1,1,1950000
فيلا, الرياض , حي المهدية ,جنوبية شرقية,7+,4,5+,5.0,450.0,0,1,1,1,0,0,0,0,1,1,4400000
فيلا, الرياض , حي المهدية ,شمالية,6,2,5+,20.0,200.0,1,1,1,0,1,1,0,0,1,1,1500000
فيلا, الرياض , حي طويق ,جنوبية,5,3,5+,30.0,300.0,1,1,0,0,0,0,1,0,1,0,1330000
فيلا, الرياض , حي العريجاء الغربية ,شرقية,5,3,5+,15.0,200.0,1,1,1,0,1,1,0,0,1,0,900000
فيلا, الرياض , حي المهدية ,شمالية,6,2,5+,15.0,241.0,1,1,1,0,0,1,0,0,1,0,1500000
فيلا, الرياض, الرياض ,جنوبية,7+,1,5+,20.0,450.0,0,1,0,0,0,0,0,0,0,0,1000000
فيلا, الرياض, الرياض ,شمالية,6,3,5+,20.0,345.0,1,1,1,1,1,1,0,0,1,1,2500000
فيلا, الرياض , حي طويق ,شرقية,4,2,5+,20.0,290.0,0,1,0,0,1,1,0,0,1,0,300000
فيلا, الرياض , حي السويدي الغربي ,شرقية,5,5,5+,15.0,375.0,1,1,1,0,1,1,0,1,1,0,1440000
فيلا, الرياض , حي السويدي الغربي ,شمالية,5,3,5+,25.0,375.0,1,1,1,0,0,0,0,0,1,0,1600000
فيلا, الرياض , حي ظهرة البديعة ,جنوبية شرقية,4,2,5+,15.0,200.0,1,1,1,1,1,1,0,0,1,0,1250000
فيلا, الرياض , حي ظهرة البديعة ,جنوبية,6,3,5+,15.0,275.0,1,1,1,1,1,1,0,0,1,1,1700000
فيلا, الرياض , حي المهدية ,شمالية,7+,3,5+,20.0,450.0,1,1,1,1,1,1,0,0,1,1,2700000
فيلا, الرياض, حي المهدية ,شمالية,6,3,5+,20.0,450.0,1,1,1,0,1,1,0,0,1,1,3300000
فيلا, الرياض , حي طويق ,شمالية,5,3,5+,20.0,200.0,1,1,1,0,1,1,0,0,1,0,980000
فيلا, الرياض , حي طويق ,غربية,7+,2,5+,15.0,375.0,1,1,1,0,0,1,0,0,1,0,1750000
فيلا, الرياض, الرياض ,غربية,5,3,5+,20.0,200.0,1,1,1,0,0,1,0,0,1,1,1500000
فيلا, الرياض , حي المهدية ,غربية,6,3,5+,20.0,300.0,1,1,1,0,1,1,0,0,1,1,1600000
فيلا, الرياض , حي العريجاء الغربي ,شمالية,5,3,5+,20.0,200.0,1,1,1,0,1,1,0,0,1,0,980000
فيلا, حي العريجاء الغربية , طريق الامير مساعد بن عبدالرحمن بن فيصل ,غربية,5,3,5+,20.0,200.0,1,1,1,0,1,1,0,0,1,0,950000
فيلا, الرياض , حي طويق ,غربية,5,3,5+,15.0,350.0,1,1,1,0,1,1,0,0,1,0,1230000
فيلا, الرياض , حي طويق ,شرقية,5,3,5+,20.0,280.0,1,1,1,0,1,1,0,0,1,0,1120000
فيلا, الرياض , حي طويق ,جنوبية,6,2,5+,15.0,200.0,1,1,1,0,1,1,0,0,1,0,900000
فيلا, الرياض , حي طويق ,غربية,5,2,5+,15.0,280.0,1,1,1,0,1,1,0,0,1,0,1120000
فيلا, الرياض, الرياض ,جنوبية,5,1,5+,20.0,200.0,1,1,1,0,0,1,0,0,1,1,1600000
فيلا, الرياض , حي طويق ,شرقية,5,2,5+,20.0,337.0,1,1,1,0,1,1,0,0,1,0,1200000
فيلا, الرياض , حي ظهرة البديعة ,شرقية,6,2,5+,20.0,775.0,1,1,1,1,1,1,0,0,1,0,1700000
فيلا, الرياض , حي طويق ,شرقية,5,3,5+,20.0,350.0,1,1,1,0,1,1,0,0,1,0,1200000
فيلا, الرياض , حي طويق ,غربية,7+,3,5+,20.0,260.0,0,1,0,0,0,1,0,0,0,0,1200000
فيلا, الرياض , حي الحزم ,شرقية,5,2,5+,20.0,240.0,1,1,1,0,1,1,0,0,1,0,900000
فيلا, الرياض , حي العريجاء الغربي ,جنوبية,5,2,5+,20.0,200.0,1,1,1,0,1,1,0,0,1,0,870000
فيلا, الرياض , حي المهدية ,شمالية,5,2,5+,20.0,200.0,1,1,1,1,0,1,0,0,1,1,1300000
فيلا, الرياض , حي المهدية ,شرقية,6,3,5+,19.0,281.0,1,1,1,0,0,1,1,0,1,0,1750000
فيلا, الرياض , حي العريجاء الغربي ,جنوبية,4,2,5+,21.0,200.0,1,1,1,0,1,1,0,0,1,0,870000
فيلا, الرياض , حي العريجاء الغربي ,شمالية,5,3,5+,20.0,200.0,1,1,0,0,1,1,0,0,1,0,900000
فيلا, حي العريجاء الغربية , الطريق الدائري الغربي ,جنوبية,5,2,5+,20.0,200.0,1,1,1,0,1,1,0,0,1,0,870000
فيلا, حي العريجاء الغربية , الطريق الدائري الغربي ,شمالية,4,2,5+,25.0,450.0,0,1,1,0,1,1,1,0,1,0,2600000
فيلا, الرياض , حي ظهرة البديعة ,شرقية,7+,3,5+,20.0,400.0,1,1,1,0,1,1,0,1,1,0,950000
فيلا, الرياض , حي ظهرة البديعة ,شمالية,5,2,5+,20.0,200.0,1,1,1,0,0,1,0,0,1,1,1500000
فيلا, الرياض , حي ظهرة البديعة ,جنوبية,6,3,5+,20.0,225.0,1,1,1,0,0,1,0,0,1,1,1550000
فيلا, الرياض , حي ظهرة البديعة ,جنوبية,5,3,5+,20.0,250.0,1,1,1,0,0,1,0,0,1,1,1550000
فيلا, الرياض , حي ظهرة البديعة ,جنوبية شرقية,6,2,5+,20.0,234.0,1,1,1,0,0,1,0,0,1,1,1790000
فيلا, الرياض , حي المهدية ,غربية,5,2,5+,15.0,225.0,1,1,1,0,0,1,0,0,0,0,1840000
فيلا, الرياض , حي المهدية ,جنوبية,5,4,5+,20.0,250.0,1,1,1,0,0,1,0,0,1,1,1550000
فيلا, الرياض , حي المهدية ,شمالية غربية,5,3,5+,20.0,200.0,1,1,1,0,0,1,0,0,1,1,1500000
فيلا, الرياض , حي الحزم ,شمالية غربية,3,2,5+,15.0,220.0,1,1,1,0,1,0,0,0,1,0,1100000
فيلا, الرياض , حي المهدية ,جنوبية,4,3,5+,25.0,450.0,1,1,1,0,1,1,0,0,1,0,3100000
فيلا, الرياض , حي المهدية ,شمالية,7+,3,5+,18.0,234.0,1,1,1,0,0,1,0,0,1,1,1900000
فيلا, الرياض, الرياض ,شمالية,5,3,5+,20.0,270.0,1,1,0,0,0,1,0,0,1,0,1000000
فيلا, الرياض , حي المهدية ,شمالية,5,1,5+,25.0,450.0,1,1,1,1,1,1,0,0,1,1,2800000
فيلا, الرياض , حي المهدية ,شمالية,7+,3,5+,20.0,450.0,1,1,1,1,1,1,0,0,1,1,3000000
فيلا, الرياض , حي المهدية ,شمالية,6,4,5+,20.0,375.0,1,1,1,0,1,1,0,0,1,1,2150000
فيلا, الرياض , حي المهدية ,شمالية,7+,3,5+,20.0,375.0,1,1,1,0,1,1,0,0,1,0,1300000
فيلا, الرياض , حي طويق ,غربية,5,3,5+,20.0,250.0,1,1,1,0,1,1,0,0,1,1,1850000
فيلا, الرياض , حي نمار ,جنوبية غربية,5,2,5+,15.0,313.0,1,1,1,0,1,1,0,0,1,0,1550000
فيلا, الرياض , حي المهدية ,جنوبية شرقية,6,3,5+,20.0,225.0,1,1,1,0,0,1,0,0,1,1,1450000
فيلا, الرياض , حي المهدية ,شمالية,7+,3,5+,20.0,450.0,1,0,1,1,1,1,0,0,1,1,2450000
فيلا, الرياض , حي المهدية ,شمالية شرقية,7+,2,5+,20.0,450.0,1,1,1,0,1,1,0,0,1,0,1900000
فيلا, الرياض , حي الزهرة ,شمالية,7+,3,5+,20.0,625.0,1,1,1,1,1,1,0,0,1,1,1700000
فيلا, الرياض , حي المهدية ,شرقية,4,1,1,لا يوجد,900.0,0,0,0,0,0,0,0,0,0,0,4612500
فيلا, الرياض , حي عكاظ ,جنوبية,7+,2,5+,لا يوجد,900.0,0,0,1,1,1,1,0,0,1,0,2250000
فيلا, الرياض , حي الدار البيضاء ,شرقية,5,1,5+,5.0,360.0,1,1,1,0,1,1,0,0,1,1,1400000
فيلا, الرياض , حي عكاظ ,شمالية,4,1,3,لا يوجد,525.0,0,1,0,0,0,1,0,0,1,0,750000
فيلا, الرياض , حي بدر ,شرقية,7+,2,5+,لا يوجد,480.0,0,1,0,0,1,1,0,0,1,0,750000
فيلا, الرياض , حي الدار البيضاء ,شرقية,5,2,3,15.0,360.0,0,1,0,0,1,1,0,0,1,0,1400000
فيلا, امارة منطقة الرياض, الرياض ,غربية,4,1,4,5.0,218.0,0,1,0,0,0,0,0,0,1,0,750000
فيلا, الرياض , حي بدر ,شمالية,4,2,4,لا يوجد,225.0,0,0,0,0,1,1,0,0,1,0,750000
فيلا, الرياض , حي الشفا ,غربية,5,1,5+,لا يوجد,218.0,1,1,1,0,0,1,0,0,1,0,750000
فيلا, الرياض , حي بدر ,جنوبية,7+,3,5+,لا يوجد,500.0,0,1,1,0,1,1,0,0,1,0,1500000
فيلا, الرياض , حي بدر ,شرقية,4,2,4,لا يوجد,260.0,1,0,0,0,0,0,0,0,0,0,950000
فيلا, الرياض , حي بدر ,شمالية,5,5,5+,لا يوجد,225.0,0,0,0,0,0,1,0,0,1,0,750000
فيلا, الرياض , حي عكاظ ,جنوبية,4,2,4,لا يوجد,250.0,1,1,1,1,1,1,0,0,1,0,900000
فيلا, الرياض , حي طيبة ,جنوبية,5,2,5+,5.0,351.0,1,0,1,1,0,1,0,0,1,1,1400000
فيلا, الرياض , حي عكاظ ,شرقية,6,3,4,لا يوجد,290.0,1,0,1,0,0,1,0,0,1,1,1100000
فيلا, الرياض , حي الدار البيضاء ,جنوبية شرقية,5,3,5+,لا يوجد,312.0,0,1,1,1,1,1,0,0,1,0,1150000
فيلا, الرياض , حي الشفا ,غربية,5,1,5+,لا يوجد,218.0,1,1,0,0,0,1,0,0,1,0,750000
فيلا, الرياض , حي بدر ,غربية,5,3,5+,لا يوجد,250.0,1,0,0,0,0,1,0,0,1,0,850000
فيلا, الرياض , حي بدر ,غربية,5,1,5+,لا يوجد,250.0,1,1,0,0,0,0,0,0,0,0,850000
فيلا, الرياض , حي الشفا ,شمالية,6,1,5+,لا يوجد,450.0,1,1,1,0,1,1,0,0,1,0,850000
فيلا, الرياض , حي بدر ,شرقية,7+,2,5+,لا يوجد,780.0,0,1,0,0,1,1,0,0,1,0,1200000
فيلا, الرياض , حي عكاظ ,شرقية,6,3,5+,لا يوجد,420.0,0,1,1,1,1,0,0,0,1,0,1400000
فيلا, الرياض , حي بدر ,شرقية,6,1,5+,لا يوجد,312.0,1,0,1,1,1,0,0,0,1,0,1200000
فيلا, الرياض , حي بدر ,جنوبية غربية,7+,2,5+,لا يوجد,280.0,0,0,0,0,0,0,0,0,0,0,1280000
فيلا, الرياض , حي الشفا ,غربية,7+,2,5+,لا يوجد,312.0,0,1,1,0,1,1,1,0,1,0,1400000
فيلا, الرياض , حي عكاظ ,جنوبية,5,2,5+,لا يوجد,228.0,1,1,1,0,0,0,0,0,1,0,850000
فيلا, الرياض , حي الشفا ,شرقية,7+,2,4,لا يوجد,612.0,0,1,1,1,1,1,0,0,1,0,1200000
فيلا, الرياض , حي عكاظ ,غربية,7+,3,4,لا يوجد,324.0,1,0,0,0,0,0,1,0,0,1,1350000
فيلا, الرياض , حي العزيزية ,شمالية شرقية,7+,2,5+,لا يوجد,225.0,1,1,1,0,1,0,0,0,1,0,1100000
فيلا, الرياض , حي الشفا ,شرقية,7+,1,5+,لا يوجد,400.0,0,1,0,0,0,1,0,0,1,0,720000
فيلا, الرياض , حي الدار البيضاء ,شمالية,4,1,2,لا يوجد,250.0,0,1,0,0,0,1,0,0,1,0,920000
فيلا, الرياض , حي المناخ ,جنوبية,4,1,3,5.0,312.0,0,1,0,0,1,1,0,0,1,0,870000
فيلا, الرياض , حي العزيزية ,جنوبية شرقية,5,5,5+,20.0,200.0,0,0,0,0,0,1,0,0,1,0,1050000
فيلا, الرياض , حي الدار البيضاء ,شرقية,5,1,1,15.0,375.0,0,0,0,0,0,0,0,0,0,0,1300000
فيلا, الرياض , حي بدر ,شرقية,4,1,4,15.0,303.0,0,1,0,0,1,1,0,0,1,0,640000
فيلا, امارة منطقة الرياض, الرياض ,شرقية,5,1,3,15.0,390.0,0,1,0,0,0,1,0,0,1,0,850000
فيلا, الرياض , حي بدر ,غربية,7+,2,5+,5.0,350.0,1,1,1,0,1,1,0,0,1,1,1150000
فيلا, الرياض , حي احد ,شرقية,7+,2,4,15.0,375.0,1,1,0,0,1,1,0,0,1,0,1200000
فيلا, امارة منطقة الرياض, الرياض ,شرقية,3,1,3,20.0,274.0,1,1,0,0,0,0,0,0,0,0,800000
فيلا, الرياض , حي بدر ,جنوبية,7+,2,5+,20.0,300.0,1,1,1,0,1,1,0,0,1,0,990000
فيلا, امارة منطقة الرياض, الرياض ,شمالية شرقية,7+,1,4,20.0,455.0,1,1,0,0,0,0,0,0,0,0,1600000
فيلا, الرياض , حي الاسكان ,جنوبية,7+,2,5+,لا يوجد,300.0,1,1,0,1,1,1,0,1,1,0,1100000
فيلا, الرياض , حي بدر ,شرقية,5,3,5+,15.0,300.0,1,1,1,0,0,0,0,0,0,0,950000
فيلا, الرياض , حي بدر ,جنوبية,4,2,5+,20.0,245.0,1,1,1,0,1,1,0,0,1,0,1000000
فيلا, الرياض , حي بدر ,جنوبية,5,3,5+,15.0,250.0,1,1,1,0,0,1,0,0,1,0,830000
فيلا, الرياض , حي عكاظ ,شمالية,5,1,5+,20.0,450.0,1,1,0,0,1,1,0,0,1,1,2350000
فيلا, الرياض , حي العزيزية ,شمالية شرقية,7+,3,5+,20.0,775.0,0,1,0,0,1,1,0,0,1,0,1700000
فيلا, الرياض , حي بدر ,غربية,5,3,5+,15.0,200.0,1,1,1,0,1,1,0,0,1,0,780000
فيلا, الرياض , حي بدر ,جنوبية غربية,7+,1,5+,15.0,230.0,1,1,0,0,1,1,0,0,1,0,980000
فيلا, الرياض, الرياض ,غربية,5,2,5+,15.0,274.0,1,1,1,0,1,1,0,0,1,0,820000
فيلا, الرياض , حي بدر ,شمالية,3,1,3,20.0,375.0,0,1,0,0,0,0,0,0,1,0,770000
فيلا, الرياض , حي بدر ,شمالية,3,1,4,20.0,375.0,0,1,0,0,0,0,0,0,1,0,770000
فيلا, الرياض , حي بدر ,جنوبية,5,3,5+,18.0,303.0,1,1,1,0,1,1,0,0,1,0,900000
فيلا, الرياض , حي بدر ,شمالية شرقية,6,3,5+,15.0,309.0,1,1,1,0,1,1,0,0,1,1,1080000
فيلا, الرياض , حي بدر ,شرقية,7+,3,5+,15.0,527.0,1,1,1,0,1,1,0,0,1,1,1680000
فيلا, الرياض , حي الدار البيضاء ,شمالية,5,1,5+,15.0,218.0,1,1,0,0,0,1,0,0,1,0,750000
فيلا, الرياض , حي بدر ,غربية,6,3,5+,20.0,300.0,1,1,1,0,1,1,0,0,1,1,1050000
فيلا, الرياض , حي بدر ,شمالية شرقية,5,2,5+,18.0,328.0,1,1,1,0,1,1,0,0,1,0,1035000
فيلا, الرياض , حي الشفا ,جنوبية,7+,5,5+,16.0,875.0,1,1,1,0,1,1,0,0,1,0,1850000
فيلا, الرياض, الرياض ,شرقية,5,2,5+,15.0,271.0,1,1,1,0,1,1,0,0,1,0,830000
فيلا, الرياض , حي عكاظ ,شرقية,7+,3,5+,5.0,320.0,1,1,1,0,1,1,0,0,1,0,1200000
فيلا, الرياض, الرياض ,غربية,5,2,5+,15.0,259.0,1,1,1,0,1,1,0,0,1,0,820000
فيلا, الرياض, الرياض ,غربية,5,2,5+,15.0,276.0,1,1,1,0,1,1,0,0,1,0,830000
فيلا, الرياض , حي بدر ,شمالية,5,2,5+,15.0,262.0,1,1,1,0,1,1,0,0,1,0,850000
فيلا, الرياض , حي عكاظ ,جنوبية,5,3,5+,25.0,325.0,1,1,1,0,1,1,1,0,1,0,950000
فيلا, الرياض , حي بدر ,شمالية,5,2,5+,20.0,225.0,1,1,1,0,1,1,0,0,1,0,845000
فيلا, الرياض , حي طيبة ,غربية,5,2,5+,15.0,276.0,1,1,1,0,1,1,0,0,1,0,830000
فيلا, الرياض , حي بدر ,شمالية غربية,5,2,5+,15.0,286.0,1,1,1,0,1,1,0,0,1,0,940000
فيلا, الرياض, الرياض ,شرقية,5,2,5+,15.0,271.0,1,1,1,0,1,1,0,0,1,0,825000
فيلا, الرياض , حي بدر ,شرقية,5,2,5+,20.0,250.0,1,1,1,0,1,1,0,0,1,0,840000
فيلا, الرياض , حي بدر ,شمالية,5,2,5+,15.0,269.0,1,1,1,0,1,1,0,0,1,0,940000
فيلا, الرياض , حي بدر ,جنوبية,5,2,5+,18.0,304.0,1,1,1,0,1,1,0,0,1,0,950000
فيلا, الرياض , حي عكاظ ,جنوبية,3,1,4,15.0,300.0,0,1,0,0,0,1,0,0,1,0,800000
فيلا, الرياض , حي بدر ,شرقية,5,3,5+,20.0,303.0,1,1,1,0,1,1,0,0,1,0,850000
فيلا, الرياض , حي بدر ,جنوبية,6,3,5+,18.0,300.0,1,1,1,0,0,1,0,0,1,0,850000
فيلا, الرياض , حي عكاظ ,شرقية,5,2,5+,21.0,300.0,1,1,1,0,1,1,0,0,1,0,880000
فيلا, الرياض , حي بدر ,جنوبية,5,3,5+,18.0,303.0,1,1,1,0,1,1,0,0,1,0,850000
فيلا, الرياض , حي بدر ,شرقية,5,2,5+,20.0,210.0,1,1,1,0,1,1,0,0,1,0,780000
فيلا, الرياض , حي بدر ,شرقية,5,2,5+,20.0,216.0,1,1,1,0,0,1,0,0,1,0,830000
فيلا, الرياض , حي بدر ,شمالية,5,2,5+,20.0,250.0,1,1,1,0,1,1,0,0,1,0,850000
فيلا, الرياض , حي بدر ,جنوبية,5,2,5+,20.0,320.0,1,1,1,0,1,1,0,0,1,0,1000000
فيلا, الرياض , حي بدر ,شمالية,5,3,5+,20.0,320.0,1,1,1,0,1,1,0,0,1,0,950000
فيلا, الرياض , حي بدر ,شرقية,5,3,5+,30.0,275.0,1,1,1,0,1,1,0,0,1,0,870000
فيلا, الرياض , حي عكاظ ,شمالية,5,2,5+,20.0,300.0,1,1,1,0,1,1,0,0,1,0,880000
فيلا, الرياض , حي عكاظ ,شمالية,5,3,5+,20.0,360.0,1,1,1,0,1,1,0,0,1,0,1000000
فيلا, الرياض , حي الدار البيضاء ,شمالية,5,2,5+,20.0,246.0,1,1,1,0,1,1,0,0,1,0,825000
فيلا, الرياض , حي طيبة ,شمالية غربية,5,2,5+,20.0,269.0,1,1,1,0,0,1,0,0,0,0,850000
فيلا, الرياض , حي عكاظ ,شرقية,7+,3,5+,15.0,375.0,0,1,1,0,1,1,0,0,1,0,1500000
فيلا, الرياض, الرياض ,جنوبية,6,3,5+,5.0,265.0,1,1,1,1,0,1,0,0,1,0,1200000
فيلا, الرياض , حي عكاظ ,شرقية,7+,3,5+,20.0,360.0,1,1,1,0,1,1,0,0,1,0,1450000
فيلا, الرياض , حي الدار البيضاء ,شمالية,4,1,3,20.0,250.0,0,1,0,0,0,0,0,0,0,0,525000
فيلا, الرياض , حي الدار البيضاء ,غربية,7+,2,5+,15.0,500.0,1,1,1,0,1,1,0,0,1,0,1200000
فيلا, الرياض , حي الشفا ,شمالية,5,4,5+,18.0,300.0,1,1,1,0,1,1,0,0,1,0,1200000
فيلا, الرياض , حي الشفا ,ثلاث شوارع,7+,2,5+,لا يوجد,270.0,1,1,1,1,0,0,0,0,1,0,1000000
فيلا, الرياض , حي العزيزية ,جنوبية,7+,3,5+,20.0,608.0,1,1,1,0,1,1,0,0,1,0,1700000
فيلا, الرياض , حي الدار البيضاء ,شمالية,5,5,5+,15.0,250.0,0,1,1,0,0,1,0,0,1,0,850000
فيلا, الرياض , حي احد ,جنوبية,4,1,4,لا يوجد,25.0,1,1,0,0,0,0,0,0,0,0,880000
فيلا, الرياض , حي عكاظ ,جنوبية,7+,3,4,لا يوجد,300.0,0,1,0,0,0,0,0,0,1,0,1300000
فيلا, الرياض , حي الدار البيضاء ,شمالية,7+,2,5+,20.0,220.0,1,0,1,1,1,1,0,0,1,0,950000
فيلا, الرياض , حي جرير ,شرقية,7+,1,4,لا يوجد,400.0,0,1,1,0,1,1,0,0,1,0,1300000
فيلا, الرياض , حي الربوة ,شمالية,5,3,5+,لا يوجد,336.0,0,1,0,0,1,1,0,0,0,0,1390000
فيلا, الرياض , حي الربوة ,شمالية,5,1,3,12.0,274.0,0,1,1,0,0,0,0,0,1,0,1150000
فيلا, الرياض , حي الفاروق ,جنوبية,4,1,4,16.0,756.0,1,1,0,0,0,0,0,0,0,0,3300000
فيلا, الرياض , حي الربوة ,ثلاث شوارع,7+,2,5+,12.0,868.0,1,1,1,1,1,1,0,0,1,0,4000000
فيلا, الرياض , حي الربوة ,شمالية,4,2,4,20.0,1601.0,1,1,1,1,1,1,1,0,1,0,6564100
فيلا, الرياض , حي الخالدية ,شمالية شرقية,5,2,5+,15.0,480.0,0,1,0,0,0,0,0,0,0,0,1200000
فيلا, الرياض , حي الزهراء ,شرقية,7+,3,5+,10.0,542.0,0,1,1,1,0,1,0,0,0,0,2100000
فيلا, الرياض , حي الرمال ,شمالية,7+,2,5+,20.0,281.0,1,1,1,1,1,1,0,0,1,0,1350000
فيلا, الرياض , حي النسيم الغربي ,ثلاث شوارع,7+,4,5+,لا يوجد,765.0,1,1,0,0,0,1,0,0,0,0,2750000
فيلا, الرياض , حي المونسية ,جنوبية,6,4,5+,لا يوجد,262.0,1,1,1,1,0,1,0,0,1,0,2000000
فيلا, الرياض , حي النظيم ,جنوبية شرقية,6,2,4,15.0,420.0,1,1,1,1,1,1,0,0,1,0,2300000
فيلا, الرياض , حي الرمال ,غربية,7+,3,5+,18.0,300.0,1,1,1,0,0,1,0,0,1,0,1500000
فيلا, امارة منطقة الرياض, الرياض ,جنوبية شرقية,5,3,4,لا يوجد,247.0,1,1,1,0,1,1,0,0,1,1,1500000
فيلا, امارة منطقة الرياض, الرياض ,جنوبية,1,1,1,لا يوجد,321.0,0,0,0,0,0,0,0,0,0,0,3150000
فيلا, الرياض , حي الرمال ,شمالية,1,1,1,لا يوجد,281.0,0,0,0,0,0,0,0,0,0,0,1400000
فيلا, الرياض , حي الخليج ,شرقية,5,1,5+,لا يوجد,375.0,0,1,0,0,1,1,0,0,0,0,2200000
فيلا, الرياض , حي المونسية ,شرقية,5,3,4,لا يوجد,308.0,1,0,1,0,1,1,0,0,1,1,2650000
فيلا, الرياض , حي الحمراء ,شرقية,7+,2,5+,لا يوجد,618.0,1,1,1,1,1,1,1,0,1,1,4500000
فيلا, حي قرطبة , شارع جبل مره ,جنوبية,7+,3,5+,لا يوجد,450.0,0,1,1,1,0,1,0,0,1,0,2600000
فيلا, حي قرطبة , شارع جبل مره ,شرقية,5,2,4,لا يوجد,750.0,1,0,1,1,0,1,0,0,1,1,4500000
فيلا, الرياض , حي الرمال ,جنوبية,1,1,1,لا يوجد,355.0,0,0,0,0,0,0,0,0,0,0,2400000
فيلا, امارة منطقة الرياض, الرياض ,غربية,1,1,1,لا يوجد,363.0,0,0,0,0,0,0,0,0,0,0,1700000
فيلا, الرياض , حي المونسية ,جنوبية,6,2,4,لا يوجد,319.0,1,1,1,1,1,1,0,0,1,1,3150000
فيلا, امارة منطقة الرياض, الرياض ,شرقية,1,1,1,لا يوجد,495.0,0,0,0,0,0,0,0,0,0,0,3500000
فيلا, امارة منطقة الرياض, حي الشرق ,جنوبية,1,1,1,لا يوجد,320.0,0,0,0,0,0,0,0,0,0,0,1550000
فيلا, الرياض , حي المونسية ,شمالية,5,5,5+,لا يوجد,312.0,1,1,1,0,1,1,0,0,1,1,2300000
فيلا, امارة منطقة الرياض, الرياض ,غربية,1,1,1,لا يوجد,375.0,0,0,0,0,0,0,0,0,0,0,2000000
فيلا, الرياض , حي المونسية ,جنوبية,5,3,5+,18.0,250.0,1,1,1,1,1,1,0,0,1,1,1900000
فيلا, الرياض , حي السعادة ,جنوبية غربية,1,1,1,لا يوجد,625.0,0,0,0,0,0,0,0,0,0,0,2200000
فيلا, الرياض , حي الحمراء ,جنوبية,5,2,5+,لا يوجد,618.0,1,1,1,1,1,1,0,0,1,1,5700000
فيلا, امارة منطقة الرياض, الرياض ,غربية,5,5,5+,لا يوجد,300.0,1,0,1,0,1,1,0,0,1,1,2350000
فيلا, الرياض , حي المونسية ,جنوبية,7+,4,5+,لا يوجد,220.0,1,1,1,1,0,1,0,0,1,0,1450000
فيلا, الرياض , حي المونسية ,غربية,7+,2,5+,20.0,266.0,1,1,1,0,0,1,0,0,1,0,1480000
فيلا, الرياض , حي البيان ,شمالية,5,2,4,لا يوجد,363.0,1,1,0,0,1,1,0,0,1,0,1600000
فيلا, الرياض , حي اشبيلية ,شمالية,1,1,1,لا يوجد,500.0,0,0,0,0,0,0,0,0,0,0,3000000
فيلا, الرياض , حي الجنادرية ,شرقية,7+,2,5+,15.0,200.0,1,1,0,0,0,0,0,0,1,0,1050000
فيلا, الرياض , حي الفيحاء ,شرقية,1,1,1,لا يوجد,480.0,0,0,0,0,0,0,0,0,0,0,2000000
فيلا, الرياض , حي الرمال ,جنوبية,5,3,5+,لا يوجد,300.0,1,1,1,0,1,0,0,0,1,0,1700000
فيلا, الرياض , حي القادسية ,شرقية,1,1,1,لا يوجد,252.0,0,0,0,0,0,0,0,0,0,0,1590000
فيلا, امارة منطقة الرياض, الرياض ,شرقية,5,2,5+,لا يوجد,250.0,1,1,1,0,0,1,0,0,1,0,2050000
فيلا, الرياض , حي الرمال ,شمالية,3,1,5+,لا يوجد,225.0,1,1,0,1,0,1,0,0,1,0,2350000
فيلا, الرياض , حي الفيحاء ,جنوبية شرقية,7+,4,5+,لا يوجد,337.0,0,0,0,0,0,1,0,0,1,0,2000000
فيلا, الرياض , حي القدس ,شمالية,5,5,5+,لا يوجد,900.0,1,1,0,0,1,1,1,0,1,0,4700000
فيلا, الرياض , حي اليرموك ,غربية,5,2,5+,لا يوجد,225.0,0,1,0,0,0,1,0,0,0,0,1350000
فيلا, الرياض , حي الرمال ,جنوبية,7+,2,5+,15.0,312.0,1,1,1,0,1,1,0,0,1,0,1600000
فيلا, الرياض , حي الرمال ,غربية,7+,3,5+,18.0,300.0,1,1,1,0,1,1,0,0,1,0,1600000
فيلا, الرياض , حي المونسية ,شمالية,7+,4,5+,لا يوجد,312.0,1,1,1,0,1,1,0,0,1,1,2450000
فيلا, الرياض , حي الرمال ,غربية,7+,3,5+,18.0,300.0,1,1,1,0,0,1,0,0,1,0,1500000
فيلا, الرياض , حي الخليج ,شرقية,5,1,5+,لا يوجد,375.0,0,1,0,0,1,1,0,0,0,0,2200000
فيلا, الرياض , حي المونسية ,شرقية,5,3,4,لا يوجد,308.0,1,0,1,0,1,1,0,0,1,1,2650000
فيلا, الرياض , حي المونسية ,غربية,1,1,1,لا يوجد,284.0,0,0,0,0,0,0,0,0,0,0,1400000
فيلا, الرياض , حي قرطبة ,جنوبية,1,1,3,لا يوجد,360.0,0,1,1,1,0,0,0,0,1,0,2500000
فيلا, الرياض , حي الرمال ,جنوبية,4,2,5+,لا يوجد,338.0,0,1,1,1,1,1,0,0,1,0,1270000
فيلا, حي قرطبة , شارع جبل مره ,جنوبية,7+,3,5+,لا يوجد,450.0,0,1,1,1,0,1,0,0,1,0,2600000
فيلا, حي قرطبة , شارع جبل مره ,شرقية,5,2,4,لا يوجد,750.0,1,0,1,1,0,1,0,0,1,1,4500000
فيلا, الرياض , حي الرمال ,جنوبية,1,1,1,لا يوجد,355.0,0,0,0,0,0,0,0,0,0,0,2400000
فيلا, الرياض , حي المونسية ,جنوبية,6,2,4,لا يوجد,319.0,1,1,1,1,1,1,0,0,1,1,3150000
فيلا, الرياض , حي القادسية ,شمالية شرقية,7+,5,5+,15.0,850.0,1,1,1,1,1,1,1,0,1,1,6500000
فيلا, امارة منطقة الرياض, الرياض ,جنوبية,6,3,5+,لا يوجد,250.0,1,1,0,0,1,1,0,0,1,0,1470000
فيلا, امارة منطقة الرياض, الرياض ,شرقية,1,1,1,لا يوجد,495.0,0,0,0,0,0,0,0,0,0,0,3500000
فيلا, الرياض , حي النهضة ,شمالية,7+,5,5+,لا يوجد,495.0,1,1,0,0,0,1,0,0,0,0,2200000
فيلا, الرياض , حي اشبيلية ,شرقية,5,1,5+,لا يوجد,388.0,1,1,1,1,0,1,0,0,1,0,2200000
فيلا, الرياض , حي القادسية ,شمالية شرقية,7+,5,5+,15.0,850.0,1,1,1,1,1,1,1,0,1,1,6500000
فيلا, الرياض , حي المونسية ,غربية,1,1,1,لا يوجد,284.0,0,0,0,0,0,0,0,0,0,0,1400000
فيلا, الرياض , حي قرطبة ,جنوبية,1,1,3,لا يوجد,360.0,0,1,1,1,0,0,0,0,1,0,2500000
فيلا, الرياض , حي قرطبة ,جنوبية,5,2,5+,15.0,360.0,0,1,0,0,0,0,0,0,0,0,2500000
فيلا, امارة منطقة الرياض, الرياض ,شمالية غربية,7+,2,4,15.0,274.0,1,1,0,0,0,1,0,0,1,0,1300000
فيلا, الرياض , حي السعادة ,جنوبية,3,1,5+,لا يوجد,250.0,1,1,1,1,1,1,0,0,1,0,1700000
فيلا, الرياض , حي الجنادرية ,غربية,7+,3,5+,لا يوجد,312.0,0,0,0,0,0,1,0,0,1,0,1450000
فيلا, الرياض , حي الرمال ,شمالية,7+,1,5+,لا يوجد,281.0,0,0,0,0,0,0,0,0,0,0,1400000
فيلا, امارة منطقة الرياض, الرياض ,غربية,6,2,5+,لا يوجد,305.0,1,0,1,0,1,0,0,0,1,1,1650000
فيلا, الرياض , حي الجنادرية ,شمالية,4,1,4,لا يوجد,375.0,0,1,0,0,0,1,0,0,1,0,1200000
فيلا, الرياض , حي قرطبة ,شمالية,7+,3,5+,15.0,350.0,0,1,1,1,1,1,0,0,1,0,3500000
فيلا, الرياض , حي اليرموك ,شمالية,5,2,5+,لا يوجد,312.0,1,1,1,1,1,1,0,0,1,1,2450000
فيلا, الرياض , حي المونسية ,غربية,5,2,5+,لا يوجد,300.0,1,1,1,0,1,1,0,0,1,1,2300000
فيلا, امارة منطقة الرياض, الرياض ,جنوبية,1,1,1,لا يوجد,321.0,0,0,0,0,0,0,0,0,0,0,3150000
فيلا, الرياض , حي القدس ,شمالية,6,3,5+,لا يوجد,270.0,1,0,1,0,0,1,0,0,1,0,2800000
فيلا, الرياض , حي الروضة ,غربية,5,2,5+,لا يوجد,355.0,0,0,0,0,0,0,0,0,0,0,2600000
فيلا, الرياض , حي قرطبة ,شمالية,7+,3,5+,15.0,350.0,0,1,1,1,1,1,0,0,1,0,3500000
فيلا, الرياض , حي البيان ,جنوبية شرقية,1,1,1,لا يوجد,750.0,0,0,0,0,0,0,0,0,0,0,3800000
فيلا, الرياض , حي النهضة ,شمالية,1,1,1,لا يوجد,360.0,0,0,0,0,0,0,0,0,0,0,2150000
فيلا, الرياض , حي الشرق ,جنوبية,1,1,1,لا يوجد,320.0,0,0,0,0,0,0,0,0,0,0,1600000
فيلا, الرياض , حي السعادة ,شرقية,7+,5,5+,21.0,325.0,1,1,1,0,1,1,0,0,1,0,1700000
فيلا, الرياض , حي قرطبة ,شمالية,4,2,5+,لا يوجد,339.0,1,1,1,0,0,1,0,0,1,0,2450000
فيلا, الرياض , حي الرمال ,جنوبية شرقية,6,5,5+,لا يوجد,555.0,1,1,1,1,1,1,0,0,1,0,3850000
فيلا, الرياض , حي الحمراء ,شرقية,7+,3,5+,25.0,618.0,1,1,1,1,1,1,1,0,1,0,4300000
فيلا, الرياض , حي المونسية ,شمالية,5,2,5+,لا يوجد,400.0,1,1,1,1,0,1,0,0,1,0,2850000
فيلا, الرياض , حي الملك عبدالعزيز ,جنوبية شرقية,4,2,5+,لا يوجد,360.0,0,0,1,1,0,1,0,0,0,0,2900000
فيلا, الرياض , حي الرمال ,جنوبية,1,1,1,لا يوجد,292.0,0,0,0,0,0,0,0,0,0,0,1850000
فيلا, الرياض , حي المونسية ,غربية,4,2,5+,لا يوجد,300.0,1,1,1,0,1,1,0,0,1,1,2200000
فيلا, الرياض , حي الروابي ,غربية,1,1,1,لا يوجد,403.0,0,0,0,0,0,0,0,0,0,0,2300000
فيلا, الرياض , حي الحمراء ,جنوبية,7+,3,5+,لا يوجد,618.0,1,1,1,1,1,1,0,0,1,1,5700000
فيلا, الرياض , حي المونسية ,شمالية,4,3,4,لا يوجد,270.0,1,1,1,1,1,1,0,0,1,0,1950000
فيلا, امارة منطقة الرياض, الرياض ,جنوبية,5,3,5+,لا يوجد,345.0,0,1,1,0,0,0,0,0,1,0,2500000
فيلا, الرياض , حي قرطبة ,شمالية,5,2,5+,لا يوجد,225.0,1,1,1,0,1,1,0,0,1,0,2350000
فيلا, الرياض , حي الروضة ,جنوبية,1,1,1,لا يوجد,277.0,0,0,0,0,0,0,0,0,0,0,1600000
فيلا, الرياض , حي المونسية ,شمالية,4,3,4,لا يوجد,270.0,1,1,1,1,1,1,0,0,1,0,1950000
فيلا, الرياض , حي قرطبة ,شمالية,5,2,5+,لا يوجد,225.0,1,1,1,0,1,1,0,0,1,0,2350000
فيلا, الرياض , حي النهضة ,شرقية,5,4,5+,لا يوجد,360.0,1,1,1,0,0,1,0,0,1,0,2000000
فيلا, الرياض , حي اشبيلية ,جنوبية,3,3,3,لا يوجد,375.0,0,1,0,1,1,0,0,0,1,0,2200000
فيلا, امارة منطقة الرياض, الرياض ,شرقية,4,4,5+,لا يوجد,360.0,1,1,1,1,1,0,0,0,0,0,2000000
فيلا, الرياض , حي النهضة ,شرقية,5,2,5+,لا يوجد,510.0,0,1,1,1,1,0,0,0,1,0,3000000
فيلا, الرياض , حي السعادة ,شمالية غربية,4,2,5+,15.0,250.0,1,1,1,0,1,0,0,0,1,0,1600000
فيلا, الرياض , حي القادسية ,شرقية,1,1,1,لا يوجد,252.0,0,0,0,0,0,0,0,0,0,0,1590000
فيلا, الرياض , ,جنوبية,5,2,5+,لا يوجد,250.0,0,1,1,0,1,1,0,0,1,0,1470000
فيلا, الرياض , حي القادسية ,غربية,5,2,5+,لا يوجد,275.0,1,1,1,0,0,1,0,0,1,0,1580000
فيلا, الرياض , حي اشبيلية ,شمالية,1,1,1,لا يوجد,500.0,0,0,0,0,0,0,0,0,0,0,3000000
فيلا, الرياض , حي قرطبة ,غربية,1,1,1,لا يوجد,288.0,0,0,0,0,0,0,0,0,0,0,3300000
فيلا, الرياض , حي النهضة ,جنوبية,4,3,4,20.0,375.0,1,1,1,0,0,0,0,0,1,1,2150000
فيلا, الرياض , حي الندوة ,جنوبية,5,1,4,15.0,375.0,0,1,0,0,0,1,0,0,1,0,1050000
فيلا, الرياض , حي المونسية ,شرقية,1,1,1,لا يوجد,308.0,0,0,0,0,0,0,0,0,0,0,2650000
فيلا, الرياض , حي اشبيلية ,جنوبية,5,3,5+,5.0,375.0,1,1,1,1,1,1,0,0,1,0,2100000
فيلا, الرياض , حي المعيزيلة ,شمالية,1,1,1,لا يوجد,270.0,0,0,0,0,0,0,0,0,0,0,1550000
فيلا, الرياض , حي القادسية ,غربية,5,2,5+,لا يوجد,275.0,1,1,1,0,0,1,0,0,1,0,1580000
فيلا, الرياض , حي القادسية ,شمالية شرقية,5,2,5+,15.0,750.0,1,1,1,1,1,1,0,0,1,0,6500000
فيلا, الرياض , حي الرمال ,جنوبية,1,1,1,لا يوجد,328.0,0,0,0,0,0,0,0,0,0,0,1550000
فيلا, الرياض , حي المونسية ,شرقية,1,1,1,لا يوجد,308.0,0,0,0,0,0,0,0,0,0,0,2650000
فيلا, الرياض , حي المونسية ,شمالية,1,1,1,لا يوجد,310.0,0,0,0,0,0,0,0,0,0,0,2350000
فيلا, الرياض , ,جنوبية,5,2,5+,لا يوجد,250.0,0,1,1,0,1,1,0,0,1,0,1470000
فيلا, الرياض , حي النسيم الشرقي ,جنوبية شرقية,5,3,5+,5.0,992.0,1,1,1,1,1,1,0,0,1,0,4500000
فيلا, الرياض , حي النهضة ,شرقية,5,2,5+,25.0,300.0,1,1,1,1,0,1,0,0,1,0,2150000
فيلا, الرياض , حي النهضة ,شمالية شرقية,5,2,2,25.0,300.0,1,1,1,1,1,0,0,0,1,1,2000000
فيلا, الرياض , حي السعادة ,شرقية,7+,5,5+,لا يوجد,1320.0,0,1,1,0,1,1,0,0,1,0,3070000
فيلا, الرياض , حي النسيم الغربي ,شرقية,7+,3,4,لا يوجد,300.0,1,1,1,0,1,1,0,0,1,0,1400000
فيلا, امارة منطقة الرياض, الرياض ,شرقية,4,1,3,لا يوجد,180.0,0,1,0,0,0,0,0,0,1,0,1100000
فيلا, الرياض , حي الرمال ,شرقية,5,3,5+,لا يوجد,375.0,1,1,1,1,1,1,0,0,1,0,2100000
فيلا, الرياض , حي القادسية ,جنوبية شرقية,1,1,5+,لا يوجد,337.0,1,1,1,0,0,0,0,0,1,1,1950000
فيلا, الرياض , حي المونسية ,غربية,1,1,1,لا يوجد,270.0,0,0,0,0,0,0,0,0,0,0,2700000
فيلا, الرياض , حي النظيم ,جنوبية,1,1,3,لا يوجد,500.0,0,1,0,0,0,0,0,0,0,0,1550000
فيلا, الرياض , حي القادسية ,غربية,5,2,5+,لا يوجد,265.0,0,1,1,0,1,1,0,0,1,0,1500000
فيلا, الرياض , حي البيان ,غربية,5,2,5+,لا يوجد,420.0,0,1,1,1,1,1,0,0,1,0,2200000
فيلا, الرياض , حي السعادة ,شمالية,7+,1,5+,لا يوجد,375.0,0,1,1,0,1,0,0,0,1,0,1750000
فيلا, الرياض , حي المونسية ,شمالية,6,1,5+,لا يوجد,875.0,0,1,1,0,1,1,0,0,1,0,4800000
فيلا, الرياض , حي السعادة ,شمالية,7+,1,5+,لا يوجد,375.0,0,1,1,0,1,0,0,0,1,0,1750000
فيلا, الرياض , حي المونسية ,غربية,1,1,1,لا يوجد,270.0,0,0,0,0,0,0,0,0,0,0,2700000
فيلا, الرياض , حي اليرموك ,جنوبية,4,1,4,لا يوجد,250.0,1,1,1,0,1,1,0,0,1,0,1750000
فيلا, الرياض , حي الرمال ,شمالية,1,1,1,لا يوجد,300.0,0,0,0,0,0,0,0,0,0,0,1850000
فيلا, الرياض , حي الملك فيصل ,جنوبية شرقية,5,3,5+,20.0,729.0,0,1,1,0,1,1,0,0,1,0,4450000
فيلا, الرياض , حي النهضة ,شرقية,5,2,5+,لا يوجد,510.0,0,1,1,1,1,1,0,0,1,0,3000000
فيلا, الرياض , حي قرطبة ,شمالية,5,2,5+,لا يوجد,665.0,0,0,1,1,1,1,0,0,1,0,5400000
فيلا, الرياض , حي الجنادرية ,غربية,6,3,5+,5.0,312.0,1,1,0,0,0,1,0,0,0,0,1450000
فيلا, الرياض , حي الجنادرية ,شمالية,1,1,1,لا يوجد,400.0,0,0,0,0,0,0,0,0,0,0,922500
فيلا, الرياض , حي الجنادرية ,شمالية,4,2,4,لا يوجد,250.0,1,1,1,0,1,1,0,0,1,1,1900000
فيلا, الرياض , حي الشرق ,شمالية,1,1,1,لا يوجد,363.0,0,0,0,0,0,0,0,0,0,0,1600000
فيلا, الرياض , حي المونسية ,شرقية,4,1,4,لا يوجد,250.0,1,1,1,1,1,1,0,0,1,1,1800000
فيلا, الرياض , حي القدس ,شرقية,4,4,5+,لا يوجد,450.0,1,1,1,1,1,1,1,0,1,1,4200000
فيلا, امارة منطقة الرياض, الرياض ,غربية,1,1,1,لا يوجد,200.0,0,0,0,0,0,0,0,0,0,0,1250000
فيلا, الرياض , حي الرمال ,جنوبية,7+,3,5+,لا يوجد,300.0,1,1,1,0,1,1,0,0,1,0,2000000
فيلا, الرياض , حي النظيم ,شرقية,4,3,3,25.0,600.0,0,1,1,0,1,1,0,0,1,0,1800000
فيلا, الرياض , حي المونسية ,غربية,4,2,5+,لا يوجد,250.0,1,1,1,0,0,1,1,0,1,1,2380000
فيلا, الرياض , حي النسيم الغربي ,شرقية,5,2,3,لا يوجد,312.0,0,1,0,0,0,1,0,0,1,0,1070000
فيلا, امارة منطقة الرياض, الرياض ,شمالية غربية,5,2,4,18.0,354.0,0,1,1,1,1,1,0,0,1,0,1800000
فيلا, امارة منطقة الرياض, الرياض ,غربية,1,1,1,لا يوجد,600.0,0,0,0,0,0,0,0,0,0,0,3000000
فيلا, الرياض , حي النهضة ,غربية,7+,4,5+,20.0,375.0,1,1,1,1,1,1,0,0,1,1,2200000
فيلا, الرياض , حي الحمراء ,غربية,1,1,1,لا يوجد,375.0,0,0,0,0,0,0,0,0,0,0,3500000
فيلا, الرياض , حي النظيم ,شرقية,4,3,3,25.0,600.0,0,1,1,0,1,1,0,0,1,0,1800000
فيلا, الرياض , حي اشبيلية ,شمالية,1,1,1,لا يوجد,500.0,0,0,0,0,0,0,0,0,0,0,3000000
فيلا, الرياض , حي الاندلس ,جنوبية,7+,3,5+,لا يوجد,375.0,1,0,0,0,0,0,0,0,1,1,3300000
فيلا, الرياض , حي النسيم الغربي ,غربية,5,2,5+,لا يوجد,625.0,0,1,1,1,1,1,0,0,1,0,1200000
فيلا, امارة منطقة الرياض, الرياض ,جنوبية,6,3,5+,لا يوجد,250.0,1,1,0,0,1,1,0,0,1,0,1470000
فيلا, امارة منطقة الرياض, الرياض ,شرقية,4,2,4,لا يوجد,390.0,1,1,1,0,1,1,0,0,1,0,1900000
فيلا, الرياض , حي الروضة ,غربية,7+,2,5+,لا يوجد,355.0,1,1,1,0,0,1,0,0,1,1,2600000
فيلا, الرياض , حي الخليج ,شرقية,5,2,5+,20.0,325.0,1,1,0,0,1,0,0,0,1,0,2000000
فيلا, الرياض , حي الملز ,شرقية,7+,1,5+,لا يوجد,431.0,0,0,0,0,0,0,0,0,0,0,1250000
فيلا, الرياض , حي القدس ,جنوبية,5,2,5+,لا يوجد,500.0,1,0,1,1,0,0,0,0,0,0,2500000
فيلا, الرياض , حي الرمال ,جنوبية,6,2,5+,لا يوجد,250.0,1,1,0,0,1,1,0,0,1,0,1500000
فيلا, الرياض , حي المونسية ,شرقية,4,3,5+,لا يوجد,250.0,1,0,1,0,0,0,0,0,1,0,1850000
فيلا, الرياض , حي النهضة ,غربية,2,2,3,لا يوجد,375.0,1,1,0,0,0,0,0,0,0,1,2250000
فيلا, الرياض , حي الملك فيصل ,جنوبية,4,1,4,لا يوجد,250.0,1,1,1,1,1,1,0,0,1,1,1900000
فيلا, الرياض , حي الشرق ,جنوبية,5,4,5+,لا يوجد,32020.0,1,0,1,1,0,1,0,0,1,0,1530000
فيلا, الرياض , حي النسيم الشرقي ,جنوبية شرقية,5,3,5+,لا يوجد,992.0,1,1,1,1,1,1,0,0,1,0,4500000
فيلا, الرياض , حي المونسية ,جنوبية غربية,5,2,5+,لا يوجد,480.0,0,1,0,0,0,0,0,0,0,0,5000000
فيلا, الرياض , حي المونسية ,شمالية,4,2,5+,لا يوجد,312.0,1,1,1,0,1,1,0,0,1,1,2350000
فيلا, حي الازدهار , شارع ابراهيم القيسي ,جنوبية,5,1,4,لا يوجد,300.0,0,1,1,1,1,0,1,0,1,0,2900000
فيلا, الرياض , حي المونسية ,غربية,1,1,1,لا يوجد,300.0,0,0,0,0,0,0,0,0,0,0,3000000
فيلا, الرياض , حي النهضة ,شرقية,5,4,5+,لا يوجد,360.0,1,1,1,0,0,1,0,0,1,0,2000000
فيلا, الرياض , حي النهضة ,شرقية,5,2,5+,لا يوجد,510.0,0,1,1,1,1,0,0,0,1,0,3000000
فيلا, الرياض , حي المونسية ,غربية,4,2,4,لا يوجد,300.0,1,1,1,0,1,1,0,0,1,1,2300000
فيلا, امارة منطقة الرياض, الرياض ,شرقية,4,4,5+,لا يوجد,360.0,1,1,1,1,1,0,0,0,0,0,2000000
فيلا, الرياض , حي المونسية ,شرقية,7+,3,5+,20.0,308.0,1,1,1,0,1,1,0,0,1,1,2600000
فيلا, الرياض , حي النهضة ,جنوبية,4,3,4,20.0,375.0,1,1,1,0,0,0,0,0,1,1,2150000
فيلا, الرياض , حي القادسية ,شمالية شرقية,5,2,5+,20.0,750.0,1,1,1,1,1,1,0,0,1,0,6500000
فيلا, الرياض , حي القادسية ,غربية,5,2,5+,لا يوجد,275.0,1,1,1,0,0,1,0,0,1,0,1580000
فيلا, الرياض , حي القادسية ,شمالية شرقية,5,2,5+,15.0,750.0,1,1,1,1,1,1,0,0,1,0,6500000
فيلا, الرياض , حي المونسية ,شمالية,1,1,1,لا يوجد,310.0,0,0,0,0,0,0,0,0,0,0,2350000
فيلا, الرياض , حي الملك فيصل ,شمالية,1,1,1,لا يوجد,300.0,0,0,0,0,0,0,0,0,0,0,1950000
فيلا, الرياض , حي اشبيلية ,جنوبية,5,3,5+,لا يوجد,345.0,1,1,1,0,0,0,0,0,1,0,2500000
فيلا, امارة منطقة الرياض, الرياض ,شمالية غربية,6,1,4,لا يوجد,276.0,1,1,1,0,1,1,0,0,1,0,1160000
فيلا, الرياض , حي السعادة ,شرقية,7+,5,5+,لا يوجد,1320.0,0,1,1,0,1,1,0,0,1,0,3070000
فيلا, الرياض , حي الحمراء ,جنوبية,7+,4,5+,لا يوجد,580.0,1,1,1,1,1,1,1,0,1,1,5400000
فيلا, الرياض , حي المونسية ,شرقية,1,1,1,لا يوجد,312.0,0,0,0,0,0,0,0,0,0,0,2800000
فيلا, الرياض , حي المونسية ,جنوبية,5,3,5+,لا يوجد,342.0,0,1,0,0,0,0,0,0,0,0,2100000
فيلا, الرياض , حي اليرموك ,جنوبية,4,2,4,لا يوجد,250.0,1,0,0,0,1,1,0,0,1,0,2000000
فيلا, الرياض , حي النهضة ,شرقية,5,3,5+,5.0,360.0,1,1,1,1,1,1,0,0,1,0,1900000
فيلا, الرياض , حي المعيزيلة ,شمالية,5,2,5+,لا يوجد,270.0,1,1,1,0,1,1,0,0,1,0,1550000
فيلا, الرياض , حي النسيم الشرقي ,جنوبية شرقية,5,3,5+,لا يوجد,992.0,1,1,1,1,1,1,0,0,1,0,4500000
فيلا, الرياض , حي المونسية ,جنوبية غربية,5,2,5+,لا يوجد,480.0,0,1,0,0,0,0,0,0,0,0,5000000
فيلا, الرياض , حي المونسية ,شمالية,4,2,5+,لا يوجد,312.0,1,1,1,0,1,1,0,0,1,1,2350000
فيلا, حي الازدهار , شارع ابراهيم القيسي ,جنوبية,5,1,4,لا يوجد,300.0,0,1,1,1,1,0,1,0,1,0,2900000
فيلا, الرياض , حي المونسية ,غربية,1,1,1,لا يوجد,300.0,0,0,0,0,0,0,0,0,0,0,3000000
فيلا, الرياض , حي المونسية ,غربية,4,2,4,لا يوجد,300.0,1,1,1,0,1,1,0,0,1,1,2300000
فيلا, امارة منطقة الرياض, الرياض ,شمالية غربية,6,1,4,لا يوجد,276.0,1,1,1,0,1,1,0,0,1,0,1160000
فيلا, الرياض , حي المونسية ,شرقية,7+,3,5+,20.0,308.0,1,1,1,0,1,1,0,0,1,1,2600000
فيلا, الرياض , حي الحمراء ,غربية,5,3,5+,لا يوجد,300.0,1,1,1,1,0,1,0,0,1,1,2700000
فيلا, الرياض , حي الحمراء ,جنوبية,7+,4,5+,لا يوجد,580.0,1,1,1,1,1,1,1,0,1,1,5400000
فيلا, الرياض , حي القدس ,شمالية,4,2,5+,لا يوجد,450.0,1,1,1,1,0,1,0,1,1,0,3000000
فيلا, الرياض , حي الرمال ,غربية,6,1,5+,لا يوجد,280.0,1,0,1,0,0,0,0,0,0,0,1550000
فيلا, الرياض , حي الرمال ,شمالية,4,5,4,لا يوجد,281.0,1,1,1,1,0,1,0,0,1,0,1500000
فيلا, الرياض , حي الازدهار ,جنوبية,5,3,5+,لا يوجد,350.0,1,1,1,1,0,1,1,1,0,0,3000000
فيلا, الرياض , حي البيان ,شمالية غربية,1,1,1,لا يوجد,602.0,0,0,0,0,0,0,0,0,0,0,1637000
فيلا, امارة منطقة الرياض, الرياض ,غربية,5,2,5+,لا يوجد,224.0,0,1,1,0,1,1,0,0,1,0,1050000
فيلا, الرياض , حي قرطبة ,شمالية,1,1,1,لا يوجد,225.0,0,0,0,0,0,0,0,0,0,0,2350000
فيلا, الرياض , حي المعيزلة ,غربية,5,2,5+,لا يوجد,600.0,1,1,0,0,0,0,0,0,1,0,3000000
فيلا, امارة منطقة الرياض, الرياض ,غربية,5,3,5+,لا يوجد,300.0,1,1,1,0,1,1,0,0,1,1,2300000
فيلا, الرياض , حي الجزيرة ,شمالية,5,1,5+,20.0,484.0,0,1,1,1,1,1,0,0,0,0,2250000
فيلا, الرياض , حي القادسية ,شمالية,7+,1,5+,15.0,420.0,0,1,1,0,0,1,0,0,1,1,2350000
فيلا, الرياض , حي الرمال ,جنوبية,5,3,5+,لا يوجد,387.0,1,1,1,1,1,1,0,0,1,0,1900000
فيلا, الرياض , حي الرمال ,شمالية شرقية,6,2,5+,لا يوجد,404.0,1,0,0,1,1,1,0,1,1,1,2100000
فيلا, الرياض , حي الاندلس ,شمالية,6,4,5+,12.0,750.0,1,1,1,1,1,1,0,0,1,0,3300000
فيلا, امارة منطقة الرياض, الرياض ,شرقية,3,1,5+,10.0,484.0,0,1,0,0,0,0,0,0,0,0,1670000
فيلا, الرياض , حي المعيزلة ,شمالية,1,1,1,لا يوجد,270.0,0,0,0,0,0,0,0,0,0,0,1550000
فيلا, الرياض , حي المونسية ,جنوبية,5,2,5+,15.0,250.0,1,1,1,0,1,1,0,0,1,0,1750000
فيلا, الرياض , حي الرمال ,جنوبية شرقية,1,1,1,لا يوجد,297.0,0,0,0,0,0,0,0,0,0,0,1950000
فيلا, الرياض , حي المونسية ,جنوبية,7+,3,5+,لا يوجد,250.0,1,1,1,1,1,1,0,0,1,0,1400000
فيلا, امارة منطقة الرياض, الرياض ,شمالية,4,1,4,40.0,236.0,1,1,0,0,1,1,0,0,0,0,1070000
فيلا, الرياض , حي النهضة ,غربية,5,1,4,لا يوجد,417.0,0,1,0,1,1,1,0,0,1,0,2500000
فيلا, الرياض , حي الرمال ,شمالية,7+,1,5+,15.0,250.0,1,1,0,0,1,1,0,0,1,0,1280000
فيلا, الرياض , حي النسيم الغربي ,جنوبية,5,2,5+,12.0,250.0,1,1,0,0,1,1,0,0,1,0,1250000
فيلا, امارة منطقة الرياض, الرياض ,غربية,1,1,1,لا يوجد,600.0,0,0,0,0,0,0,0,0,0,0,3000000
فيلا, الرياض , حي الرمال ,شمالية,4,1,4,لا يوجد,230.0,1,0,1,0,0,1,0,0,1,0,1300000
فيلا, امارة منطقة الرياض, الرياض ,شمالية,5,3,5+,5.0,312.0,1,1,1,0,0,1,0,0,1,1,2300000
فيلا, امارة منطقة الرياض, الرياض ,شمالية غربية,5,2,4,18.0,354.0,0,1,1,1,1,1,0,0,1,0,1800000
فيلا, الرياض , حي الاندلس ,جنوبية غربية,5,2,5+,15.0,570.0,1,1,1,1,1,1,0,0,1,0,2200000
فيلا, الرياض , حي البيان ,شرقية,1,1,1,لا يوجد,276.0,0,0,0,0,0,0,0,0,0,0,1500000
فيلا, الرياض , حي الرمال ,شرقية,5,4,5+,لا يوجد,430.0,0,1,0,0,1,1,0,0,1,0,2870000
فيلا, الرياض , حي النهضة ,غربية,7+,4,5+,20.0,375.0,1,1,1,1,1,1,0,0,1,1,2200000
فيلا, الرياض , حي المنار ,شمالية,7+,2,5+,20.0,250.0,1,1,1,1,0,1,0,0,1,0,1500000
فيلا, الرياض , حي المنار ,شمالية,3,1,3,لا يوجد,600.0,1,0,0,0,0,0,0,0,0,0,2750000
فيلا, الرياض , حي الجنادرية ,جنوبية,7+,1,5+,لا يوجد,200.0,0,1,0,0,0,0,0,0,1,1,1100000
فيلا, الرياض , حي الرمال ,جنوبية,5,2,5+,لا يوجد,250.0,1,1,1,0,1,1,0,0,1,0,1300000
فيلا, امارة منطقة الرياض, الرياض ,شرقية,4,2,4,لا يوجد,390.0,1,1,1,0,1,1,0,0,1,0,1900000
فيلا, الرياض , حي الريان ,جنوبية,5,2,5+,15.0,390.0,1,0,1,0,1,1,0,0,1,0,3000000
فيلا, الرياض , حي الجنادرية ,شمالية,5,2,5+,15.0,270.0,1,1,1,0,0,1,0,0,1,0,1000000
فيلا, امارة منطقة الرياض, الرياض ,جنوبية غربية,5,1,4,لا يوجد,264.0,1,0,1,0,1,1,0,0,1,1,2150000
فيلا, الرياض , حي الحمراء ,غربية,1,1,1,لا يوجد,375.0,0,0,0,0,0,0,0,0,0,0,3500000
فيلا, الرياض , حي الصفا ,غربية,7+,4,5+,لا يوجد,750.0,0,1,0,0,0,1,0,0,0,0,2700000
فيلا, الرياض , حي الاندلس ,جنوبية,7+,3,5+,لا يوجد,375.0,1,0,0,0,0,0,0,0,1,1,3300000
فيلا, الرياض , حي الريان ,جنوبية,5,2,5+,15.0,390.0,1,0,1,0,1,1,0,0,1,0,3000000
فيلا, الرياض , حي اليرموك ,شمالية,6,2,5+,15.0,312.0,1,1,1,0,1,1,0,0,1,0,2500000
فيلا, امارة منطقة الرياض, الرياض ,جنوبية,5,3,5+,لا يوجد,630.0,1,1,1,1,1,1,1,0,1,0,4300000
فيلا, الرياض , حي الصفا ,غربية,7+,4,5+,لا يوجد,750.0,0,1,0,0,0,1,0,0,0,0,2700000
فيلا, الرياض , حي الجنادرية ,غربية,7+,4,5+,20.0,360.0,1,1,0,0,1,1,0,0,1,1,1600000
فيلا, الرياض , حي الخليج ,شرقية,5,2,5+,20.0,325.0,1,1,0,0,1,0,0,0,1,0,2000000
فيلا, الرياض , حي الريان ,شرقية,7+,4,5+,15.0,625.0,1,1,1,1,1,1,0,0,1,0,3200000
فيلا, الرياض , حي القدس ,جنوبية,5,2,5+,لا يوجد,500.0,1,0,1,1,0,0,0,0,0,0,2500000
فيلا, الرياض , حي السلام ,شرقية,5,1,5+,لا يوجد,250.0,1,0,1,0,0,1,0,0,0,0,2200000
فيلا, امارة منطقة الرياض, الرياض ,شمالية,4,1,4,لا يوجد,600.0,1,0,0,0,0,0,0,0,0,0,2750000
فيلا, الرياض , حي الملك فيصل ,جنوبية,4,1,4,لا يوجد,250.0,1,1,1,1,1,1,0,0,1,1,1900000
فيلا, الرياض , حي الرمال ,شمالية,4,2,4,25.0,205.0,0,1,0,0,0,1,0,0,1,0,1250000
فيلا, الرياض , حي الرمال ,جنوبية,7+,2,5+,لا يوجد,662.0,1,1,1,0,1,0,0,0,1,0,3000000
فيلا, الرياض , حي النهضة ,غربية,2,2,3,لا يوجد,375.0,1,1,0,0,0,0,0,0,0,1,2250000
فيلا, الرياض , حي الروضة ,غربية,7+,2,5+,لا يوجد,355.0,1,1,1,0,0,1,0,0,1,1,2600000
فيلا, الرياض , حي الرمال ,شمالية,1,1,1,لا يوجد,651.0,0,0,0,0,0,0,0,0,0,0,5000000
فيلا, الرياض , حي الرمال ,شمالية,7+,3,5+,20.0,950.0,1,1,1,0,1,1,0,0,1,1,4400000
فيلا, الرياض , حي المونسية ,شمالية,7+,3,5+,20.0,362.0,0,1,0,1,1,1,0,0,1,0,2350000
فيلا, الرياض , حي النهضة ,غربية,5,3,5+,15.0,275.0,1,1,1,0,0,1,0,0,1,0,1800000
فيلا, الرياض , حي النظيم ,جنوبية,3,1,4,15.0,375.0,0,1,0,0,1,0,0,0,1,0,1050000
فيلا, الرياض , حي الرمال ,جنوبية,7+,3,5+,لا يوجد,319.0,1,1,1,0,1,1,0,0,1,0,2100000
فيلا, الرياض , حي الرمال ,جنوبية,1,1,1,لا يوجد,651.0,0,0,0,0,0,0,0,0,0,0,5000000
فيلا, امارة منطقة الرياض, الرياض ,غربية,1,1,1,لا يوجد,371.0,0,0,0,0,0,0,0,0,0,0,1800000
فيلا, الرياض , حي البيان ,جنوبية,7+,2,5+,لا يوجد,329.0,1,1,1,0,1,1,0,0,1,0,1650000
فيلا, الرياض , حي القادسية ,جنوبية,6,2,5+,لا يوجد,365.0,1,0,0,0,0,0,0,0,1,0,2300000
فيلا, الرياض , حي الرمال ,جنوبية,4,2,4,لا يوجد,338.0,1,1,1,1,1,1,0,0,1,0,1270000
فيلا, الرياض , حي الحمراء ,جنوبية,5,2,1,لا يوجد,750.0,1,1,1,1,1,1,0,0,1,0,4000000
فيلا, الرياض , حي الشرق ,جنوبية,1,1,1,لا يوجد,259.0,0,0,0,0,0,0,0,0,0,0,1450000
فيلا, الرياض , حي المونسية ,شمالية,7+,3,5+,20.0,362.0,0,1,0,1,1,1,0,0,1,0,2350000
فيلا, الرياض , حي المونسية ,جنوبية,7+,4,5+,لا يوجد,580.0,1,1,1,1,1,1,1,0,1,1,5500000
فيلا, الرياض , حي البيان ,شرقية,4,2,5+,15.0,435.0,1,1,1,1,0,1,1,0,1,0,1600000
فيلا, الرياض , حي الرمال ,جنوبية,5,2,5+,لا يوجد,259.0,1,1,1,0,1,1,0,0,1,0,1470000
فيلا, الرياض , حي السعادة ,غربية,5,2,5+,15.0,312.0,1,1,0,0,1,1,0,0,1,1,1550000
فيلا, الرياض, الرياض ,شرقية,5,2,3,20.0,376.0,1,1,0,1,0,1,0,0,1,1,2760000
فيلا, الرياض , حي النهضة ,شمالية,7+,2,4,لا يوجد,300.0,1,1,1,0,0,1,0,0,1,0,1900000
فيلا, امارة منطقة الرياض, الرياض ,شمالية,5,2,3,لا يوجد,275.0,1,0,1,0,0,0,0,0,1,1,1825000
فيلا, الرياض , حي المونسية ,غربية,4,1,3,20.0,252.0,0,1,0,0,0,1,0,0,0,0,1580000
فيلا, الرياض , حي الخليج ,غربية,5,2,4,لا يوجد,324.0,1,1,1,1,1,1,0,0,1,0,2200000
فيلا, الرياض , حي المونسية ,غربية,5,3,5+,لا يوجد,300.0,1,1,1,0,1,1,0,0,1,0,2300000
فيلا, امارة منطقة الرياض, الرياض ,جنوبية,1,1,1,لا يوجد,359.0,0,0,0,0,0,0,0,0,0,0,1650000
فيلا, الرياض , حي المعيزلة ,شمالية,5,2,5+,17.0,595.0,1,1,1,1,1,1,0,0,1,0,2500000
فيلا, الرياض , حي الملك فيصل ,شمالية,1,1,1,لا يوجد,300.0,0,0,0,0,0,0,0,0,0,0,1950000
فيلا, الرياض, الرياض ,غربية,7+,2,5+,18.0,325.0,1,1,1,0,1,1,0,0,1,0,1650000
فيلا, الرياض , حي الحمراء ,غربية,7+,3,5+,25.0,618.0,1,1,1,1,1,1,1,0,1,1,5500000
فيلا, امارة منطقة الرياض, الرياض ,جنوبية غربية,5,1,4,لا يوجد,264.0,1,0,1,0,1,1,0,0,1,1,2150000
فيلا, امارة منطقة الرياض, الرياض ,شمالية,5,3,5+,5.0,312.0,1,1,1,0,0,1,0,0,1,1,2300000
فيلا, الرياض , حي الرمال ,شرقية,5,4,5+,لا يوجد,430.0,0,1,0,0,1,1,0,0,1,0,2870000
فيلا, امارة منطقة الرياض, الرياض ,جنوبية,6,1,4,لا يوجد,375.0,1,1,0,0,1,1,0,0,1,1,2000000
فيلا, الرياض , حي البيان ,شرقية,1,1,1,لا يوجد,276.0,0,0,0,0,0,0,0,0,0,0,1500000
فيلا, الرياض , حي الاندلس ,جنوبية غربية,5,2,5+,15.0,570.0,1,1,1,1,1,1,0,0,1,0,2200000
فيلا, الرياض , حي الرمال ,جنوبية,5,2,5+,لا يوجد,250.0,1,1,1,0,1,1,0,0,1,0,1300000
فيلا, الرياض , حي الجنادرية ,شمالية,5,2,5+,15.0,270.0,1,1,1,0,0,1,0,0,1,0,1000000
فيلا, الرياض , حي المنار ,شمالية,7+,2,5+,20.0,250.0,1,1,1,1,0,1,0,0,1,0,1500000
فيلا, الرياض , حي الرمال ,شمالية,4,1,4,لا يوجد,230.0,1,0,1,0,0,1,0,0,1,0,1300000
فيلا, الرياض , حي الرمال ,شمالية,6,1,3,15.0,400.0,0,1,0,1,1,1,0,0,1,0,2650000
فيلا, الرياض , حي الريان ,جنوبية,5,2,5+,15.0,390.0,1,0,1,0,1,1,0,0,1,0,3000000
فيلا, الرياض , حي الجنادرية ,غربية,7+,4,5+,20.0,360.0,1,1,0,0,1,1,0,0,1,1,1600000
فيلا, امارة منطقة الرياض, الرياض ,جنوبية,5,3,5+,لا يوجد,630.0,1,1,1,1,1,1,1,0,1,0,4300000
فيلا, الرياض , حي اليرموك ,شمالية,6,2,5+,15.0,312.0,1,1,1,0,1,1,0,0,1,0,2500000
فيلا, الرياض , حي الريان ,شرقية,7+,4,5+,15.0,625.0,1,1,1,1,1,1,0,0,1,0,3200000
فيلا, الرياض , حي الشرق ,جنوبية,7+,3,5+,لا يوجد,360.0,1,1,1,0,1,1,0,0,1,0,1900000
فيلا, الرياض , حي اشبيلية ,شمالية,6,2,4,لا يوجد,500.0,0,1,0,0,1,1,0,0,0,0,2850000
فيلا, الرياض , حي الرمال ,جنوبية,5,2,5+,لا يوجد,312.0,1,1,1,0,0,0,0,0,1,0,1800000
فيلا, امارة منطقة الرياض, الرياض ,شمالية غربية,1,1,1,لا يوجد,302.0,0,0,0,0,0,0,0,0,0,0,1650000
فيلا, الرياض , حي المعيزلة ,شرقية,6,4,5+,لا يوجد,600.0,1,1,1,1,0,1,0,0,1,0,3200000
فيلا, الرياض , حي المعيزلة ,غربية,7+,3,4,لا يوجد,480.0,0,0,0,1,0,1,1,0,1,0,2000000
فيلا, الرياض , حي الرمال ,شمالية غربية,1,1,5+,لا يوجد,30201.0,0,1,1,1,1,1,0,0,1,0,1650000
فيلا, الرياض , حي المونسية ,شرقية,7+,2,4,لا يوجد,250.0,1,0,1,0,1,1,0,0,1,1,1850000
فيلا, الرياض , حي المونسية ,غربية,5,2,5+,لا يوجد,300.0,1,1,1,0,1,1,0,0,1,1,2300000
فيلا, الرياض , حي الخليج ,غربية,4,2,3,لا يوجد,480.0,0,0,1,1,0,1,0,0,1,0,1400000
فيلا, الرياض , حي الرمال ,جنوبية,5,2,5+,لا يوجد,312.0,1,1,1,0,1,1,0,0,1,0,1800000
فيلا, الرياض , حي الرمال ,جنوبية,5,1,2,لا يوجد,400.0,0,0,0,0,0,0,0,0,0,0,1200000
فيلا, الرياض , حي القادسية ,شرقية,1,1,1,لا يوجد,252.0,0,0,0,0,0,0,0,0,0,0,1590000
فيلا, امارة منطقة الرياض, الرياض ,شرقية,5,3,5+,لا يوجد,375.0,1,1,1,0,1,1,0,0,1,1,3650000
فيلا, الرياض , حي المونسية ,شمالية غربية,5,2,5+,15.0,440.0,1,1,1,0,0,0,0,0,0,0,3250000
فيلا, الرياض , حي اليرموك ,شمالية,7+,2,5+,لا يوجد,321.0,1,1,1,0,1,1,0,0,1,1,2250000
فيلا, الرياض , حي الشرق ,غربية,7+,2,5+,لا يوجد,420.0,1,1,1,1,1,1,0,0,1,0,2200000
فيلا, الرياض , حي المونسية ,شمالية,4,2,4,لا يوجد,213.0,0,1,1,0,1,1,0,0,1,0,1350000
فيلا, امارة منطقة الرياض, الرياض ,غربية,1,1,1,لا يوجد,600.0,0,0,0,0,0,0,0,0,0,0,3100000
فيلا, الرياض , حي اشبيلية ,جنوبية,1,3,5+,لا يوجد,312.0,0,0,0,0,0,0,0,0,0,0,2000000
فيلا, الرياض , حي البيان ,شرقية,4,3,5+,لا يوجد,405.0,1,1,1,0,1,1,0,0,1,0,1600000
فيلا, الرياض , حي الشرق ,غربية,1,1,1,لا يوجد,420.0,0,0,0,0,0,0,0,0,0,0,2200000
فيلا, الرياض , حي البيان ,غربية,7+,3,5+,لا يوجد,420.0,0,1,0,0,0,0,0,0,0,0,2200000
فيلا, الرياض , حي الجنادرية ,غربية,7+,3,5+,لا يوجد,312.0,0,0,1,0,0,0,0,0,1,0,1450000
فيلا, الرياض , حي الحمراء ,شرقية,7+,3,5+,لا يوجد,1237.0,1,1,1,1,1,1,0,0,1,0,6686880
فيلا, امارة منطقة الرياض, الرياض ,شرقية,5,3,5+,لا يوجد,375.0,1,1,1,0,1,1,0,0,1,1,3650000
فيلا, الرياض , حي الجنادرية ,غربية,7+,3,5+,لا يوجد,312.0,0,0,0,0,0,0,0,0,1,0,1450000
فيلا, الرياض , حي الجنادرية ,شمالية,4,5,5+,لا يوجد,300.0,1,1,1,0,1,1,0,0,1,1,2350000
فيلا, الرياض , حي الاندلس ,شمالية,5,4,4,لا يوجد,375.0,0,1,1,1,1,1,0,0,1,0,1900000
فيلا, امارة منطقة الرياض, الرياض ,شمالية,4,2,3,لا يوجد,268.0,1,0,0,0,0,0,0,0,0,0,1250000
فيلا, الرياض , حي الروابي ,جنوبية,7+,3,5+,لا يوجد,780.0,1,1,1,1,1,1,0,0,1,0,4000000
فيلا, الرياض , حي اليرموك ,غربية,4,1,3,لا يوجد,312.0,0,0,0,0,0,0,0,0,1,0,1100000
فيلا, الرياض , حي اليرموك ,جنوبية,4,2,4,لا يوجد,200.0,1,1,1,0,1,1,0,0,1,0,1800000
فيلا, الرياض , حي الرمال ,شمالية,4,2,5+,لا يوجد,320.0,1,0,1,1,0,1,0,0,1,0,1700000
فيلا, الرياض , حي الرمال ,جنوبية,3,2,5+,لا يوجد,292.0,1,1,1,1,1,1,0,0,1,0,1175000
فيلا, الرياض , حي الصفا ,جنوبية غربية,5,2,4,لا يوجد,400.0,0,1,0,0,1,1,0,0,1,0,1100000
فيلا, الرياض , حي الشرق ,شمالية,1,1,1,لا يوجد,281.0,0,0,0,0,0,0,0,0,0,0,1400000
فيلا, الرياض , حي الملك عبد العزيز ,شرقية,1,1,1,لا يوجد,350.0,0,0,0,0,0,0,0,0,0,0,3000000
فيلا, الرياض , حي المونسية ,شمالية غربية,4,1,5+,لا يوجد,312.0,1,0,0,0,0,0,0,0,0,0,2100000
فيلا, الرياض , حي الفيحاء ,شرقية,4,3,5+,لا يوجد,390.0,0,1,0,0,1,1,0,0,1,0,2200000
فيلا, امارة منطقة الرياض, الرياض ,غربية,5,1,5+,18.0,250.0,1,1,1,0,0,0,0,0,0,0,1450000
فيلا, الرياض , حي المونسية ,غربية,6,2,4,لا يوجد,300.0,1,0,0,0,1,1,0,0,1,0,2000000
فيلا, الرياض , حي المونسية ,جنوبية,7+,7+,5+,لا يوجد,562.0,1,1,1,0,0,1,0,0,1,0,3075000
فيلا, الرياض , حي اليرموك ,شرقية,1,1,1,لا يوجد,300.0,0,0,0,0,0,0,0,0,0,0,2250000
فيلا, الرياض , حي المونسية ,غربية,5,2,4,لا يوجد,250.0,1,1,1,0,1,1,0,0,1,1,1900000
فيلا, الرياض, الرياض ,جنوبية,5,2,5+,15.0,300.0,1,1,1,0,1,0,0,0,1,0,1400000
فيلا, الرياض , حي النهضة ,شرقية,5,3,4,لا يوجد,360.0,0,1,1,1,1,1,0,0,1,0,2000000
فيلا, الرياض , حي الازدهار ,جنوبية شرقية,7+,5,5+,لا يوجد,720.0,1,1,1,1,1,1,0,1,1,0,3900000
فيلا, امارة منطقة الرياض, الرياض ,جنوبية,1,1,1,لا يوجد,320.0,0,0,0,0,0,0,0,0,0,0,1550000
فيلا, الرياض , حي النسيم الغربي ,شرقية,4,1,3,لا يوجد,450.0,0,0,0,0,0,1,0,0,1,0,1500000
فيلا, الرياض , حي الاندلس ,شرقية,5,1,5+,لا يوجد,632.0,0,1,1,0,1,1,0,0,1,0,2400000
فيلا, الرياض , حي القدس ,جنوبية,5,2,5+,لا يوجد,435.0,0,1,1,0,1,1,0,0,1,0,2500000
